company_ticker,event_date
A,5/18/2010
A,8/17/2010
A,2/15/2011
A,8/16/2011
A,11/16/2011
A,2/16/2012
A,5/15/2012
A,8/16/2012
A,11/20/2012
A,2/15/2013
A,5/15/2013
A,8/15/2013
A,11/15/2013
A,2/14/2014
A,5/15/2014
A,8/15/2014
A,11/18/2014
A,2/18/2015
A,5/19/2015
A,8/18/2015
A,11/17/2015
A,2/17/2016
A,5/17/2016
A,8/18/2016
A,11/16/2016
A,2/15/2017
A,5/23/2017
A,8/16/2017
A,11/21/2017
A,2/21/2019
A,5/15/2019
A,8/15/2019
A,11/26/2019
A,2/19/2020
A,5/22/2020
A,8/19/2020
AAP,2/19/2010
AAP,5/21/2010
AAP,8/13/2010
AAP,11/12/2010
AAP,2/11/2011
AAP,5/20/2011
AAP,8/12/2011
AAP,11/11/2011
AAP,2/17/2012
AAP,5/18/2012
AAP,8/10/2012
AAP,11/09/2012
AAP,2/08/2013
AAP,5/24/2013
AAP,8/09/2013
AAP,11/01/2013
AAP,2/07/2014
AAP,5/16/2014
AAP,8/15/2014
AAP,11/07/2014
AAP,2/13/2015
AAP,5/22/2015
AAP,8/14/2015
AAP,11/13/2015
AAP,2/12/2016
AAP,5/20/2016
AAP,8/17/2016
AAP,11/15/2016
AAP,2/22/2017
AAP,5/25/2017
AAP,8/16/2017
AAP,11/15/2017
AAP,2/20/2019
AAP,5/23/2019
AAP,8/14/2019
AAP,11/13/2019
AAP,2/19/2020
AAP,5/20/2020
AAP,8/19/2020
AAP,11/11/2020
ABBV,4/24/2015
ABBV,4/29/2016
ABBV,4/28/2017
ABC,1/27/2010
ABC,4/23/2010
ABC,7/28/2010
ABC,11/03/2010
ABC,4/29/2011
ABC,7/29/2011
ABC,11/02/2011
ABC,1/27/2012
ABC,4/27/2012
ABC,7/27/2012
ABC,11/02/2012
ABC,1/25/2013
ABC,4/26/2013
ABC,7/25/2013
ABC,11/01/2013
ABC,1/24/2014
ABC,4/25/2014
ABC,7/25/2014
ABC,10/31/2014
ABC,1/29/2015
ABC,5/01/2015
ABC,7/24/2015
ABC,10/30/2015
ABC,2/05/2016
ABC,5/06/2016
ABC,8/03/2016
ABC,11/03/2016
ABC,2/01/2017
ABC,5/05/2017
ABC,8/04/2017
ABC,11/03/2017
ABC,2/01/2019
ABC,5/03/2019
ABC,8/02/2019
ABC,11/08/2019
ABC,1/31/2020
ABC,5/08/2020
ABT,1/28/2010
ABT,4/22/2010
ABT,7/22/2010
ABT,10/21/2010
ABT,1/27/2011
ABT,4/21/2011
ABT,7/21/2011
ABT,10/20/2011
ABT,1/26/2012
ABT,4/19/2012
ABT,7/19/2012
ABT,10/18/2012
ABT,1/24/2013
ABT,4/18/2013
ABT,7/18/2013
ABT,10/17/2013
ABT,1/23/2014
ABT,4/17/2014
ABT,7/17/2014
ABT,10/23/2014
ABT,1/30/2015
ABT,4/23/2015
ABT,7/23/2015
ABT,10/22/2015
ABT,1/29/2016
ABT,4/21/2016
ABT,7/21/2016
ABT,10/20/2016
ABT,1/26/2017
ABT,4/20/2017
ABT,7/21/2017
ABT,10/19/2017
ABT,4/19/2018
ABT,1/24/2019
ABT,4/18/2019
ABT,7/18/2019
ABT,10/17/2019
ABT,1/23/2020
ABT,4/17/2020
ABT,7/17/2020
ABT,10/22/2020
ADP,2/03/2010
ADP,4/28/2010
ADP,7/30/2010
ADP,10/28/2010
ADP,1/27/2011
ADP,5/03/2011
ADP,7/29/2011
ADP,10/27/2011
ADP,1/26/2012
ADP,5/02/2012
ADP,8/02/2012
ADP,11/02/2012
ADP,2/06/2013
ADP,8/02/2013
ADP,10/31/2013
ADP,2/06/2014
ADP,5/01/2014
ADP,8/01/2014
ADP,10/30/2014
ADP,2/05/2015
ADP,5/01/2015
ADP,7/31/2015
ADP,10/29/2015
ADP,2/04/2016
ADP,4/29/2016
ADP,7/29/2016
ADP,11/03/2016
ADP,2/02/2017
ADP,5/04/2017
ADP,7/28/2017
ADP,11/03/2017
ADP,1/31/2019
ADP,5/02/2019
ADP,8/01/2019
ADP,10/31/2019
ADP,1/30/2020
ADP,4/30/2020
ADP,7/30/2020
ADP,10/29/2020
ADS,4/22/2010
ADS,7/22/2010
ADS,10/21/2010
ADS,2/02/2011
ADS,7/22/2011
ADS,10/21/2011
ADS,2/03/2012
ADS,4/20/2012
ADS,7/20/2012
ADS,10/19/2012
ADS,2/01/2013
ADS,4/19/2013
ADS,7/31/2013
ADS,10/18/2013
ADS,2/07/2014
ADS,7/18/2014
ADS,10/17/2014
ADS,2/06/2015
ADS,4/17/2015
ADS,7/24/2015
ADS,10/23/2015
ADS,1/29/2016
ADS,4/22/2016
ADS,7/22/2016
ADS,10/21/2016
ADS,1/27/2017
ADS,4/21/2017
ADS,7/21/2017
ADS,10/20/2017
ADS,4/20/2018
ADS,2/08/2019
ADS,4/26/2019
ADS,7/19/2019
ADS,10/25/2019
ADS,1/31/2020
ADS,4/24/2020
ALB,1/27/2010
ALB,4/28/2010
ALB,7/28/2010
ALB,1/26/2011
ALB,4/21/2011
ALB,10/26/2011
ALB,1/25/2012
ALB,4/20/2012
ALB,7/19/2012
ALB,10/19/2012
ALB,1/24/2013
ALB,4/19/2013
ALB,7/19/2013
ALB,10/18/2013
ALB,1/30/2014
ALB,8/01/2014
ALB,10/24/2014
ALB,1/30/2015
ALB,5/08/2015
ALB,8/07/2015
ALB,11/06/2015
ALB,2/19/2016
ALB,5/12/2016
ALB,8/05/2016
ALB,11/09/2016
ALB,3/01/2017
ALB,5/05/2017
ALB,8/09/2017
ALB,11/10/2017
ALB,2/22/2019
ALB,5/10/2019
ALB,8/09/2019
ALB,11/08/2019
ALB,2/21/2020
ALB,5/08/2020
ALB,8/07/2020
ALB,11/06/2020
ALK,1/29/2010
ALK,4/23/2010
ALK,7/23/2010
ALK,10/22/2010
ALK,1/26/2011
ALK,7/22/2011
ALK,10/21/2011
ALK,1/27/2012
ALK,4/20/2012
ALK,7/27/2012
ALK,10/26/2012
ALK,1/25/2013
ALK,4/26/2013
ALK,7/26/2013
ALK,10/25/2013
ALK,1/24/2014
ALK,7/25/2014
ALK,10/24/2014
ALK,1/23/2015
ALK,4/24/2015
ALK,7/24/2015
ALK,10/23/2015
ALK,1/22/2016
ALK,4/22/2016
ALK,7/22/2016
ALK,10/21/2016
ALK,2/09/2017
ALK,4/27/2017
ALK,7/27/2017
ALK,10/26/2017
ALK,4/24/2018
ALK,1/25/2019
ALK,4/26/2019
ALK,7/26/2019
ALK,10/25/2019
ALK,1/29/2020
ALK,5/06/2020
ALK,7/24/2020
ALK,10/23/2020
AME,1/27/2010
AME,4/28/2010
AME,7/28/2010
AME,10/27/2010
AME,1/28/2011
AME,4/29/2011
AME,7/27/2011
AME,10/26/2011
AME,1/27/2012
AME,4/27/2012
AME,7/25/2012
AME,10/24/2012
AME,1/25/2013
AME,4/26/2013
AME,8/08/2013
AME,10/30/2013
AME,1/30/2014
AME,5/07/2014
AME,8/06/2014
AME,10/29/2014
AME,1/29/2015
AME,4/30/2015
AME,8/05/2015
AME,10/28/2015
AME,4/29/2016
AME,8/05/2016
AME,11/02/2016
AME,2/08/2017
AME,5/03/2017
AME,8/03/2017
AME,11/03/2017
AME,2/06/2019
AME,5/02/2019
AME,7/31/2019
AME,11/01/2019
AME,2/06/2020
AME,5/06/2020
AME,8/05/2020
AME,10/30/2020
AMT,2/25/2010
AMT,5/05/2010
AMT,8/04/2010
AMT,2/24/2011
AMT,5/04/2011
AMT,8/03/2011
AMT,11/02/2011
AMT,2/24/2012
AMT,5/04/2012
AMT,8/02/2012
AMT,11/01/2012
AMT,2/27/2013
AMT,10/28/2016
AMT,2/28/2017
AMT,4/28/2017
AMT,7/28/2017
AMT,11/01/2017
AMT,2/28/2019
AMT,8/01/2019
AMT,11/01/2019
AMT,2/26/2020
AMT,4/30/2020
AMT,7/31/2020
AMT,10/30/2020
ANET,2/20/2015
ANET,5/15/2015
ANET,8/07/2015
ANET,2/19/2016
ANET,5/06/2016
ANET,8/05/2016
ANET,11/04/2016
ANET,2/17/2017
ANET,5/05/2017
ANET,8/04/2017
ANET,11/03/2017
ANET,2/15/2019
ANET,5/03/2019
ANET,8/02/2019
ANET,11/01/2019
ANET,2/14/2020
ANET,5/06/2020
ANET,8/05/2020
ANET,11/03/2020
AOS,1/27/2010
AOS,4/21/2010
AOS,7/21/2010
AOS,10/20/2010
AOS,1/26/2011
AOS,4/20/2011
AOS,7/20/2011
AOS,7/19/2012
AOS,10/18/2012
AOS,1/25/2013
AOS,4/24/2013
AOS,7/25/2013
AOS,10/22/2013
AOS,1/29/2014
AOS,4/23/2014
AOS,7/23/2014
AOS,10/22/2014
AOS,1/28/2015
AOS,7/24/2015
AOS,10/22/2015
AOS,4/28/2016
AOS,7/27/2016
AOS,10/27/2016
AOS,2/03/2017
AOS,4/28/2017
AOS,7/27/2017
AOS,10/26/2017
AOS,4/26/2018
AOS,1/30/2019
AOS,5/01/2019
AOS,7/31/2019
AOS,10/30/2019
AOS,1/29/2020
AOS,5/06/2020
AOS,7/31/2020
AOS,10/30/2020
APH,1/22/2010
APH,4/21/2010
APH,7/22/2010
APH,10/21/2010
APH,1/20/2011
APH,4/21/2011
APH,7/21/2011
APH,10/20/2011
APH,1/19/2012
APH,4/19/2012
APH,7/19/2012
APH,10/18/2012
APH,1/18/2013
APH,4/19/2013
APH,7/19/2013
APH,10/18/2013
APH,1/23/2014
APH,4/24/2014
APH,7/24/2014
APH,10/23/2014
APH,1/22/2015
APH,4/23/2015
APH,7/23/2015
APH,10/22/2015
APH,1/21/2016
APH,4/21/2016
APH,7/21/2016
APH,10/20/2016
APH,1/26/2017
APH,4/27/2017
APH,7/27/2017
APH,10/26/2017
APH,4/26/2018
APH,1/24/2019
APH,4/25/2019
APH,7/25/2019
APH,10/24/2019
APH,1/23/2020
APH,4/23/2020
APH,7/23/2020
APH,10/22/2020
ATVI,11/04/2015
AVY,4/28/2010
AVY,7/29/2010
AVY,10/28/2010
AVY,2/03/2011
AVY,4/28/2011
AVY,7/27/2011
AVY,10/27/2011
AVY,2/01/2012
AVY,4/26/2012
AVY,7/25/2012
AVY,10/25/2012
AVY,1/31/2013
AVY,4/25/2013
AVY,7/24/2013
AVY,4/24/2014
AVY,2/03/2015
AVY,4/30/2015
AVY,7/30/2015
AVY,10/30/2015
AVY,2/04/2016
AVY,4/28/2016
AVY,7/27/2016
AVY,10/27/2016
AVY,2/02/2017
AVY,4/27/2017
AVY,7/26/2017
AVY,10/26/2017
AVY,4/26/2018
AVY,1/31/2019
AVY,4/25/2019
AVY,7/24/2019
AVY,10/24/2019
AVY,1/30/2020
AVY,4/30/2020
AVY,7/28/2020
AVY,10/22/2020
BA,1/28/2010
BA,4/22/2010
BA,7/29/2010
BA,10/21/2010
BA,1/27/2011
BA,4/28/2011
BA,7/28/2011
BA,10/27/2011
BA,1/26/2012
BA,4/26/2012
BA,7/26/2012
BA,10/25/2012
BA,1/31/2013
BA,4/25/2013
BA,7/25/2013
BA,10/24/2013
BA,1/30/2014
BA,4/24/2014
BA,7/24/2014
BA,10/23/2014
BA,1/29/2015
BA,4/23/2015
BA,7/23/2015
BA,10/22/2015
BA,1/28/2016
BA,4/28/2016
BA,7/28/2016
BA,10/27/2016
BA,1/26/2017
BA,7/27/2017
BA,10/26/2017
BA,1/31/2019
BAX,1/29/2010
BAX,4/23/2010
BAX,7/23/2010
BAX,10/22/2010
BAX,1/28/2011
BAX,7/22/2011
BAX,10/21/2011
BAX,1/27/2012
BAX,4/20/2012
BAX,7/20/2012
BAX,10/19/2012
BAX,1/25/2013
BAX,4/19/2013
BAX,7/19/2013
BAX,10/18/2013
BAX,1/24/2014
BAX,7/18/2014
BAX,10/17/2014
BAX,1/30/2015
BAX,4/24/2015
BAX,7/30/2015
BAX,10/28/2015
BAX,2/03/2016
BAX,4/27/2016
BAX,7/27/2016
BAX,10/26/2016
BAX,2/02/2017
BAX,4/27/2017
BAX,7/27/2017
BAX,10/26/2017
BAX,4/27/2018
BAX,2/01/2019
BAX,4/26/2019
BAX,7/26/2019
BAX,10/25/2019
BAX,3/18/2020
BAX,5/01/2020
BAX,7/31/2020
BAX,10/30/2020
BBY,3/26/2010
BBY,6/16/2010
BBY,9/15/2010
BBY,12/15/2010
BBY,3/25/2011
BBY,6/15/2011
BBY,9/14/2011
BBY,12/14/2011
BBY,3/30/2012
BBY,5/23/2012
BBY,8/22/2012
BBY,11/21/2012
BBY,5/22/2013
BBY,8/21/2013
BBY,11/20/2013
BBY,2/28/2014
BBY,5/23/2014
BBY,8/27/2014
BBY,11/21/2014
BBY,3/04/2015
BBY,5/22/2015
BBY,8/26/2015
BBY,11/20/2015
BBY,2/26/2016
BBY,5/25/2016
BBY,8/24/2016
BBY,11/18/2016
BBY,3/02/2017
BBY,5/26/2017
BBY,8/30/2017
BBY,11/17/2017
BBY,2/28/2019
BBY,5/24/2019
BBY,8/30/2019
BBY,11/27/2019
BBY,2/28/2020
BBY,5/22/2020
BBY,8/26/2020
BBY,11/25/2020
BDX,1/29/2010
BDX,4/30/2010
BDX,7/30/2010
BDX,11/05/2010
BDX,2/09/2011
BDX,4/28/2011
BDX,8/03/2011
BDX,11/03/2011
BDX,2/08/2012
BDX,5/02/2012
BDX,8/03/2012
BDX,11/08/2012
BDX,2/06/2013
BDX,5/03/2013
BDX,8/02/2013
BDX,11/06/2013
BDX,2/05/2014
BDX,5/02/2014
BDX,8/01/2014
BDX,11/05/2014
BDX,2/06/2015
BDX,8/07/2015
BDX,11/05/2015
BDX,2/04/2016
BDX,5/06/2016
BDX,8/05/2016
BDX,11/04/2016
BDX,2/03/2017
BDX,5/03/2017
BDX,8/04/2017
BDX,11/03/2017
BDX,2/06/2019
BDX,5/10/2019
BDX,8/07/2019
BDX,11/06/2019
BDX,2/07/2020
BDX,5/08/2020
BDX,8/07/2020
BIO,7/31/2020
BIO,10/30/2020
BKR,10/31/2019
BKR,1/23/2020
BKR,4/23/2020
BKR,7/23/2020
BKR,10/22/2020
BLL,1/29/2010
BLL,4/30/2010
BLL,7/30/2010
BLL,10/29/2010
BLL,1/28/2011
BLL,7/29/2011
BLL,10/28/2011
BLL,1/27/2012
BLL,4/27/2012
BLL,7/27/2012
BLL,10/26/2012
BLL,2/01/2013
BLL,4/26/2013
BLL,7/26/2013
BLL,10/25/2013
BLL,1/31/2014
BLL,5/02/2014
BLL,8/01/2014
BLL,10/31/2014
BLL,2/06/2015
BLL,5/01/2015
BLL,7/31/2015
BLL,10/30/2015
BLL,1/29/2016
BLL,4/29/2016
BLL,8/05/2016
BLL,11/04/2016
BLL,2/03/2017
BLL,5/05/2017
BLL,8/04/2017
BLL,11/03/2017
BLL,2/01/2019
BLL,5/03/2019
BLL,8/02/2019
BLL,11/01/2019
BLL,2/07/2020
BLL,5/08/2020
BLL,8/07/2020
BLL,11/06/2020
BMY,1/29/2010
BMY,4/30/2010
BMY,7/23/2010
BMY,10/27/2010
BMY,1/28/2011
BMY,4/29/2011
BMY,7/29/2011
BMY,10/28/2011
BMY,1/27/2012
BMY,4/27/2012
BMY,7/26/2012
BMY,10/25/2012
BMY,1/25/2013
BMY,4/26/2013
BMY,7/26/2013
BMY,10/24/2013
BMY,4/30/2014
BMY,7/25/2014
BMY,1/28/2015
BMY,4/29/2015
BMY,7/24/2015
BMY,10/28/2015
BMY,1/29/2016
BMY,4/29/2016
BMY,7/29/2016
BMY,10/28/2016
BMY,1/27/2017
BMY,4/28/2017
BMY,7/28/2017
BMY,10/27/2017
BMY,4/27/2018
BMY,1/25/2019
BMY,4/26/2019
BMY,7/26/2019
BMY,11/01/2019
BMY,2/07/2020
BMY,5/08/2020
BMY,8/07/2020
BMY,11/06/2020
BR,2/05/2010
BR,5/11/2010
BR,8/13/2010
BR,11/05/2010
BR,2/09/2011
BR,5/11/2011
BR,8/12/2011
BR,11/04/2011
BR,2/08/2012
BR,5/09/2012
BR,8/10/2012
BR,11/07/2012
BR,2/08/2013
BR,5/08/2013
BR,8/09/2013
BR,11/08/2013
BR,2/07/2014
BR,8/08/2014
BR,11/07/2014
BR,2/06/2015
BR,11/06/2015
BR,2/05/2016
BR,5/06/2016
BR,8/10/2016
BR,11/10/2016
BR,2/09/2017
BR,5/11/2017
BR,8/11/2017
BR,11/09/2017
BR,2/08/2019
BR,5/08/2019
BR,8/02/2019
BR,11/07/2019
BR,8/12/2020
BSX,2/12/2010
BSX,4/28/2010
BSX,7/22/2010
BSX,10/20/2010
BSX,2/03/2011
BSX,7/29/2011
BSX,10/21/2011
BSX,2/03/2012
BSX,4/20/2012
BSX,7/27/2012
BSX,10/19/2012
BSX,1/30/2013
BSX,4/26/2013
BSX,7/26/2013
BSX,10/25/2013
BSX,2/05/2014
BSX,4/30/2014
BSX,7/25/2014
BSX,10/23/2014
BSX,2/05/2015
BSX,4/29/2015
BSX,7/24/2015
BSX,10/29/2015
BSX,2/05/2016
BSX,4/28/2016
BSX,7/29/2016
BSX,10/27/2016
BSX,2/03/2017
BSX,4/28/2017
BSX,7/28/2017
BSX,10/27/2017
BSX,4/26/2018
BSX,2/07/2019
BSX,4/25/2019
BSX,7/25/2019
BSX,10/24/2019
BSX,2/06/2020
BSX,4/30/2020
BSX,7/30/2020
BSX,10/29/2020
CAG,3/26/2010
CAG,6/25/2010
CAG,9/22/2010
CAG,12/22/2010
CAG,3/25/2011
CAG,6/24/2011
CAG,9/21/2011
CAG,12/21/2011
CAG,3/23/2012
CAG,6/22/2012
CAG,9/21/2012
CAG,12/21/2012
CAG,4/04/2013
CAG,9/20/2013
CAG,12/20/2013
CAG,3/21/2014
CAG,6/27/2014
CAG,9/19/2014
CAG,12/19/2014
CAG,3/27/2015
CAG,7/01/2015
CAG,12/23/2015
CAG,4/08/2016
CAG,7/01/2016
CAG,12/23/2016
CAG,3/24/2017
CAG,6/30/2017
CAG,9/29/2017
CAG,12/22/2017
CAG,3/22/2019
CAG,6/28/2019
CAG,9/27/2019
CAG,12/20/2019
CAG,4/01/2020
CAG,7/01/2020
CAG,10/02/2020
CAH,1/29/2010
CAH,4/30/2010
CAH,8/06/2010
CAH,10/29/2010
CAH,2/04/2011
CAH,4/29/2011
CAH,8/05/2011
CAH,10/28/2011
CAH,2/03/2012
CAH,8/03/2012
CAH,10/31/2012
CAH,2/06/2013
CAH,5/03/2013
CAH,8/02/2013
CAH,11/01/2013
CAH,1/31/2014
CAH,5/02/2014
CAH,8/05/2014
CAH,10/31/2014
CAH,1/30/2015
CAH,5/01/2015
CAH,7/31/2015
CAH,11/03/2015
CAH,2/02/2016
CAH,4/29/2016
CAH,8/03/2016
CAH,11/01/2016
CAH,2/08/2017
CAH,5/02/2017
CAH,8/03/2017
CAH,11/07/2017
CAH,2/08/2019
CAH,5/10/2019
CAH,8/09/2019
CAH,11/08/2019
CAH,2/07/2020
CAH,5/12/2020
CAH,8/07/2020
CAH,11/06/2020
CARR,10/30/2020
CBOE,2/11/2011
CBOE,5/06/2011
CBOE,8/05/2011
CBOE,11/04/2011
CBOE,2/10/2012
CBOE,5/02/2012
CBOE,8/03/2012
CBOE,11/02/2012
CBOE,5/07/2014
CBOE,2/04/2016
CBOE,2/07/2017
CBOE,5/10/2017
CBOE,11/08/2017
CCI,1/29/2010
CCI,4/30/2010
CCI,7/30/2010
CCI,10/29/2010
CCI,1/28/2011
CCI,4/29/2011
CCI,7/29/2011
CCI,10/27/2011
CCI,1/27/2012
CCI,4/27/2012
CCI,7/27/2012
CCI,10/26/2012
CCI,1/25/2013
CCI,4/26/2013
CCI,7/26/2013
CCI,10/22/2013
CCI,1/24/2014
CCI,4/25/2014
CCI,7/25/2014
CCI,1/23/2015
CCI,4/24/2015
CCI,7/24/2015
CCI,10/23/2015
CCI,1/29/2016
CCI,1/27/2017
CCI,4/26/2017
CCI,7/19/2017
CCI,10/20/2017
CCI,4/20/2018
CCI,1/25/2019
CCI,7/19/2019
CCI,10/18/2019
CCI,2/28/2020
CCI,5/01/2020
CCI,7/31/2020
CCI,10/23/2020
CCL,3/24/2010
CCL,6/23/2010
CCL,9/22/2010
CCL,12/22/2010
CCL,3/23/2011
CCL,6/22/2011
CCL,9/21/2011
CCL,12/21/2011
CCL,9/26/2012
CCL,12/21/2012
CCL,6/26/2013
CCL,9/25/2013
CCL,12/20/2013
CCL,3/26/2014
CCL,6/25/2014
CCL,9/24/2014
CCL,6/24/2015
CCL,9/23/2015
CCL,3/31/2016
CCL,6/29/2016
CCL,9/27/2016
CCL,12/21/2016
CCL,3/29/2017
CCL,6/23/2017
CCL,9/27/2017
CCL,12/20/2017
CCL,3/27/2019
CCL,6/21/2019
CCL,9/27/2019
CCL,10/09/2020
CDNS,2/04/2010
CDNS,4/29/2010
CDNS,7/29/2010
CDNS,10/28/2010
CDNS,2/03/2011
CDNS,4/28/2011
CDNS,7/29/2011
CDNS,10/27/2011
CDNS,2/02/2012
CDNS,4/26/2012
CDNS,7/26/2012
CDNS,10/25/2012
CDNS,1/31/2013
CDNS,4/25/2013
CDNS,7/25/2013
CDNS,10/24/2013
CDNS,1/30/2014
CDNS,4/22/2014
CDNS,7/22/2014
CDNS,10/21/2014
CDNS,2/05/2015
CDNS,4/28/2015
CDNS,7/28/2015
CDNS,10/27/2015
CDNS,2/04/2016
CDNS,4/26/2016
CDNS,7/26/2016
CDNS,10/25/2016
CDNS,2/02/2017
CDNS,4/25/2017
CDNS,7/25/2017
CDNS,10/27/2017
CDNS,4/24/2018
CDNS,2/20/2019
CDNS,4/23/2019
CDNS,7/23/2019
CDNS,10/22/2019
CDNS,2/13/2020
CDNS,4/21/2020
CDNS,7/21/2020
CDNS,10/20/2020
CE,2/10/2010
CE,4/28/2010
CE,7/30/2010
CE,10/27/2010
CE,2/02/2011
CE,4/27/2011
CE,7/22/2011
CE,10/26/2011
CE,2/01/2012
CE,4/25/2012
CE,7/25/2012
CE,10/24/2012
CE,1/30/2013
CE,10/22/2013
CE,4/23/2014
CE,10/22/2014
CE,10/21/2015
CE,4/20/2016
CE,7/27/2016
CE,10/19/2016
CE,2/02/2017
CE,4/19/2017
CE,7/26/2017
CE,10/18/2017
CE,4/18/2018
CE,1/30/2019
CE,4/24/2019
CE,7/24/2019
CE,10/23/2019
CE,4/29/2020
CE,7/30/2020
CE,10/27/2020
CF,2/17/2010
CF,11/03/2011
CF,2/17/2012
CF,8/08/2012
CF,11/07/2012
CF,2/21/2013
CF,5/10/2013
CF,8/08/2013
CF,11/06/2013
CF,2/20/2014
CF,5/09/2014
CF,8/08/2014
CF,11/07/2014
CF,2/19/2015
CF,5/08/2015
CF,8/07/2015
CF,11/06/2015
CF,2/19/2016
CF,5/06/2016
CF,8/05/2016
CF,11/04/2016
CF,2/17/2017
CF,5/05/2017
CF,8/04/2017
CF,11/03/2017
CF,2/15/2019
CF,5/03/2019
CF,8/02/2019
CF,11/01/2019
CF,2/14/2020
CF,5/08/2020
CF,8/07/2020
CF,11/06/2020
CHD,2/10/2010
CHD,5/12/2010
CHD,8/06/2010
CHD,11/10/2010
CHD,2/09/2011
CHD,8/05/2011
CHD,2/08/2012
CHD,8/08/2012
CHD,11/06/2012
CHD,2/06/2013
CHD,5/03/2013
CHD,2/05/2014
CHD,5/02/2014
CHD,11/04/2014
CHD,2/04/2015
CHD,5/08/2015
CHD,8/05/2015
CHD,11/03/2015
CHD,2/03/2016
CHD,5/06/2016
CHD,8/05/2016
CHD,11/04/2016
CHD,2/08/2017
CHD,5/05/2017
CHD,8/04/2017
CHD,11/03/2017
CHD,2/06/2019
CHD,5/03/2019
CHD,8/01/2019
CHD,11/01/2019
CHD,5/01/2020
CHD,10/30/2020
CL,1/29/2010
CL,4/30/2010
CL,7/30/2010
CL,10/29/2010
CL,1/28/2011
CL,4/29/2011
CL,7/29/2011
CL,10/28/2011
CL,1/27/2012
CL,4/27/2012
CL,7/27/2012
CL,10/26/2012
CL,2/01/2013
CL,4/26/2013
CL,7/26/2013
CL,10/25/2013
CL,1/31/2014
CL,8/01/2014
CL,1/30/2015
CL,5/01/2015
CL,7/31/2015
CLX,2/05/2010
CLX,5/04/2010
CLX,8/04/2010
CLX,11/03/2010
CLX,2/05/2013
CLX,5/02/2013
CLX,8/02/2013
CLX,11/01/2013
CLX,2/05/2014
CLX,5/02/2014
CLX,2/05/2015
CLX,8/04/2015
CLX,11/03/2015
CLX,2/05/2016
CLX,5/04/2016
CLX,8/04/2016
CLX,11/03/2016
CLX,5/04/2017
CLX,8/04/2017
CLX,11/02/2017
CLX,2/05/2019
CLX,5/02/2019
CLX,8/02/2019
CLX,11/01/2019
CLX,2/05/2020
CLX,8/04/2020
CLX,11/03/2020
CMCSA,2/04/2010
CMCSA,4/29/2010
CMCSA,7/29/2010
CMCSA,10/28/2010
CMCSA,2/17/2011
CMCSA,5/05/2011
CMCSA,8/04/2011
CMCSA,11/03/2011
CMCSA,2/16/2012
CMCSA,5/03/2012
CMCSA,8/02/2012
CMCSA,2/14/2013
CMCSA,5/02/2013
CMCSA,8/01/2013
CMCSA,10/31/2013
CMCSA,1/29/2014
CMCSA,4/23/2014
CMCSA,7/23/2014
CMCSA,10/24/2014
CMCSA,2/25/2015
CMCSA,5/04/2015
CMCSA,7/24/2015
CMCSA,10/28/2015
CMCSA,2/04/2016
CMCSA,4/28/2016
CMCSA,7/28/2016
CMCSA,10/27/2016
CMCSA,1/27/2017
CMCSA,4/28/2017
CMCSA,7/27/2017
CMCSA,10/27/2017
CMCSA,4/26/2018
CMCSA,1/24/2019
CMCSA,4/26/2019
CMCSA,7/26/2019
CMCSA,10/25/2019
CMCSA,1/24/2020
CMCSA,5/01/2020
CMCSA,7/31/2020
CMCSA,10/30/2020
CMG,2/12/2010
CMG,4/22/2010
CMG,7/23/2010
CMG,10/22/2010
CMG,2/11/2011
CMG,4/21/2011
CMG,7/20/2011
CMG,10/21/2011
CMG,2/02/2012
CMG,4/20/2012
CMG,7/20/2012
CMG,10/19/2012
CMG,2/06/2013
CMG,4/19/2013
CMG,7/19/2013
CMG,10/18/2013
CMG,1/31/2014
CMG,7/22/2014
CMG,10/21/2014
CMG,2/04/2015
CMG,4/22/2015
CMG,7/22/2015
CMG,10/21/2015
CMG,2/03/2016
CMG,4/27/2016
CMG,7/22/2016
CMG,10/26/2016
CMG,2/03/2017
CMG,4/26/2017
CMG,7/26/2017
CMG,10/25/2017
CMG,4/26/2018
CMG,2/07/2019
CMG,4/25/2019
CMG,7/24/2019
CMG,10/23/2019
CMG,2/05/2020
CMG,4/22/2020
CMG,7/23/2020
CMG,10/22/2020
CMI,2/03/2010
CMI,4/28/2010
CMI,7/28/2010
CMI,10/27/2010
CMI,2/02/2011
CMI,4/27/2011
CMI,7/27/2011
CMI,2/03/2012
CMI,5/02/2012
CMI,8/01/2012
CMI,11/01/2012
CMI,2/07/2013
CMI,5/01/2013
CMI,7/31/2013
CMI,10/30/2013
CMI,2/07/2014
CMI,4/30/2014
CMI,7/29/2014
CMI,10/29/2014
CMI,2/06/2015
CMI,4/29/2015
CMI,7/29/2015
CMI,10/28/2015
CMI,2/05/2016
CMI,5/04/2016
CMI,8/03/2016
CMI,11/02/2016
CMI,2/10/2017
CMI,5/03/2017
CMI,8/02/2017
CMI,11/01/2017
CMI,2/07/2019
CMI,5/01/2019
CMI,7/31/2019
CMI,10/30/2019
CMI,2/05/2020
CMI,4/29/2020
CMI,7/29/2020
CMI,10/28/2020
COO,3/05/2010
COO,6/04/2010
COO,9/03/2010
COO,12/08/2010
COO,3/04/2011
COO,6/03/2011
COO,9/01/2011
COO,12/09/2011
COO,3/09/2012
COO,6/08/2012
COO,9/07/2012
COO,12/07/2012
COO,3/08/2013
COO,6/07/2013
COO,9/06/2013
COO,12/06/2013
COO,3/07/2014
COO,6/06/2014
COO,9/05/2014
COO,12/05/2014
COO,3/06/2015
COO,6/05/2015
COO,9/04/2015
COO,12/04/2015
COO,3/04/2016
COO,6/03/2016
COO,9/02/2016
COO,12/09/2016
COO,3/03/2017
COO,6/02/2017
COO,9/01/2017
COO,12/08/2017
COO,3/06/2019
COO,5/31/2019
COO,8/30/2019
COO,12/06/2019
COO,3/06/2020
COO,6/05/2020
COO,9/04/2020
COTY,5/15/2014
COTY,8/29/2014
COTY,11/07/2014
COTY,2/06/2015
COTY,5/08/2015
COTY,8/14/2015
COTY,11/06/2015
COTY,2/05/2016
COTY,5/04/2016
COTY,8/17/2016
COTY,11/10/2016
COTY,2/10/2017
COTY,5/11/2017
COTY,8/23/2017
COTY,11/10/2017
COTY,5/09/2019
COTY,8/29/2019
COTY,11/07/2019
COTY,2/06/2020
COTY,5/12/2020
CPB,2/23/2010
CPB,5/25/2010
CPB,11/24/2010
CPB,5/24/2011
CPB,11/23/2011
CPB,5/22/2012
CPB,9/05/2012
CPB,11/21/2012
CPB,5/21/2013
CPB,8/30/2013
CPB,11/20/2013
CPB,5/20/2014
CPB,9/09/2014
CPB,11/26/2014
CPB,2/26/2015
CPB,9/04/2015
CPB,11/25/2015
CPB,2/26/2016
CPB,9/02/2016
CPB,11/23/2016
CPB,9/01/2017
CPB,11/22/2017
CPB,2/28/2019
CPB,6/06/2019
CPB,12/05/2019
CPB,3/05/2020
CPB,6/04/2020
CRM,2/25/2010
CRM,5/21/2010
CRM,8/20/2010
CRM,11/19/2010
CRM,2/25/2011
CRM,5/20/2011
CRM,8/19/2011
CRM,11/18/2011
CRM,2/24/2012
CRM,5/18/2012
CRM,8/24/2012
CRM,11/21/2012
CRM,3/01/2013
CRM,5/24/2013
CRM,8/30/2013
CRM,11/19/2013
CRM,2/28/2014
CRM,5/21/2014
CRM,8/22/2014
CRM,11/20/2014
CRM,2/26/2015
CRM,5/21/2015
CRM,8/21/2015
CRM,11/19/2015
CRM,2/25/2016
CRM,5/19/2016
CRM,9/01/2016
CRM,11/18/2016
CRM,3/01/2017
CRM,5/19/2017
CRM,8/23/2017
CRM,11/22/2017
CRM,3/05/2019
CRM,6/05/2019
CRM,8/23/2019
CRM,12/04/2019
CRM,2/26/2020
CRM,5/29/2020
CRM,8/26/2020
CSGS,8/01/2014
CTLT,2/12/2015
CTLT,5/06/2015
CTLT,9/03/2015
CTLT,11/04/2015
CTLT,2/10/2016
CTLT,5/05/2016
CTLT,8/30/2016
CTLT,11/08/2016
CTLT,2/07/2017
CTLT,5/05/2017
CTLT,8/29/2017
CTLT,11/07/2017
CTLT,2/06/2019
CTLT,5/08/2019
CTLT,8/28/2019
CTLT,11/06/2019
CTLT,2/04/2020
CTLT,5/06/2020
CTVA,1/31/2020
CTVA,5/08/2020
CTVA,8/07/2020
CTVA,11/06/2020
CVS,2/09/2010
CVS,5/05/2010
CVS,7/29/2010
CVS,11/04/2010
CVS,2/04/2011
CVS,5/06/2011
CVS,8/05/2011
CVS,11/04/2011
CVS,2/09/2012
CVS,5/03/2012
CVS,8/08/2012
CVS,11/07/2012
CVS,2/07/2013
CVS,5/02/2013
CVS,8/07/2013
CVS,11/06/2013
CVS,2/12/2014
CVS,8/06/2014
CVS,11/05/2014
CVS,2/11/2015
CVS,8/05/2015
CVS,2/10/2016
CVS,5/04/2016
CVS,8/03/2016
CVS,11/09/2016
CVS,2/10/2017
CVS,5/03/2017
CVS,8/09/2017
CVS,11/07/2017
CVS,2/21/2019
CVS,5/02/2019
CVS,8/08/2019
CVS,11/07/2019
CVS,2/13/2020
CVS,5/07/2020
CVS,8/06/2020
CXO,2/26/2010
CXO,5/07/2010
CXO,8/06/2010
CXO,11/05/2010
CXO,2/25/2011
CXO,5/06/2011
CXO,8/05/2011
CXO,11/04/2011
CXO,2/24/2012
CXO,5/04/2012
CXO,8/08/2012
CXO,11/09/2012
CXO,2/22/2013
CXO,5/03/2013
CXO,8/09/2013
CXO,11/08/2013
CXO,2/21/2014
CXO,5/13/2014
CXO,8/08/2014
CXO,11/07/2014
CXO,2/27/2015
CXO,5/06/2015
CXO,7/31/2015
CXO,11/06/2015
CXO,2/26/2016
CXO,5/06/2016
CXO,8/04/2016
CXO,11/10/2016
CXO,2/23/2017
CXO,5/05/2017
CXO,8/04/2017
CXO,11/02/2017
CXO,2/21/2019
CXO,5/02/2019
CXO,8/02/2019
CXO,10/31/2019
DAL,1/27/2010
DAL,4/21/2010
DAL,7/20/2010
DAL,10/21/2010
DAL,1/19/2011
DAL,4/27/2011
DAL,7/28/2011
DAL,7/25/2013
DAL,10/23/2013
DAL,1/22/2014
DAL,4/24/2014
DAL,7/24/2014
DAL,10/17/2014
DAL,1/21/2015
DAL,4/16/2015
DAL,10/15/2015
DAL,1/20/2016
DAL,4/15/2016
DAL,7/15/2016
DAL,10/14/2016
DAL,1/13/2017
DAL,4/13/2017
DAL,7/14/2017
DAL,10/12/2017
DAL,4/13/2018
DAL,1/16/2019
DAL,4/11/2019
DAL,7/12/2019
DAL,10/11/2019
DAL,1/15/2020
DAL,4/23/2020
DAL,7/15/2020
DAL,10/14/2020
DD,8/02/2019
DD,11/01/2019
DD,1/31/2020
DD,5/06/2020
DD,7/31/2020
DD,10/30/2020
DE,2/18/2010
DE,5/20/2010
DE,8/19/2010
DE,2/17/2011
DE,5/19/2011
DE,8/18/2011
DE,2/16/2012
DE,5/17/2012
DE,8/16/2012
DE,2/14/2013
DE,5/16/2013
DE,8/15/2013
DE,11/21/2013
DE,2/13/2014
DE,5/15/2014
DE,8/14/2014
DG,9/01/2010
DG,12/07/2010
DG,3/23/2011
DG,6/02/2011
DG,8/31/2011
DG,12/06/2011
DG,3/23/2012
DG,6/05/2012
DG,9/06/2012
DG,12/12/2012
DG,3/26/2013
DG,6/05/2013
DG,9/05/2013
DG,12/06/2013
DG,3/14/2014
DG,6/04/2014
DG,8/29/2014
DG,12/05/2014
DG,3/13/2015
DG,6/03/2015
DG,8/28/2015
DG,12/04/2015
DG,3/11/2016
DG,5/27/2016
DG,8/26/2016
DG,12/02/2016
DG,3/17/2017
DG,6/02/2017
DG,9/01/2017
DG,12/08/2017
DG,3/15/2019
DG,5/31/2019
DG,8/30/2019
DG,12/06/2019
DG,3/13/2020
DG,5/29/2020
DG,8/28/2020
DGX,1/26/2010
DGX,4/22/2010
DGX,7/22/2010
DGX,10/21/2010
DGX,1/26/2011
DGX,4/21/2011
DGX,7/21/2011
DGX,10/26/2011
DGX,1/25/2012
DGX,4/19/2012
DGX,7/20/2012
DGX,10/18/2012
DGX,1/24/2013
DGX,4/18/2013
DGX,7/19/2013
DGX,10/18/2013
DGX,1/31/2014
DGX,4/25/2014
DGX,7/25/2014
DGX,10/24/2014
DGX,1/30/2015
DGX,4/24/2015
DGX,7/24/2015
DGX,10/23/2015
DGX,1/29/2016
DGX,4/22/2016
DGX,7/22/2016
DGX,10/21/2016
DGX,1/27/2017
DGX,4/21/2017
DGX,7/26/2017
DGX,10/20/2017
DGX,4/20/2018
DGX,2/15/2019
DGX,4/24/2019
DGX,7/24/2019
DGX,10/23/2019
DGX,1/31/2020
DGX,4/23/2020
DGX,7/24/2020
DGX,10/23/2020
DHI,2/03/2010
DHI,8/04/2010
DHI,1/28/2011
DHI,7/29/2011
DHI,4/24/2012
DHI,11/13/2012
DHI,1/30/2013
DHI,7/26/2013
DHI,11/13/2013
DHI,1/29/2014
DHI,4/25/2014
DHI,7/25/2014
DHI,11/12/2014
DHI,1/27/2015
DHI,4/23/2015
DHI,7/29/2015
DHI,11/11/2015
DHI,1/26/2016
DHI,4/22/2016
DHI,7/22/2016
DHI,11/09/2016
DHI,1/25/2017
DHI,4/21/2017
DHI,7/27/2017
DHI,11/10/2017
DHI,4/27/2018
DHI,4/26/2019
DHI,7/31/2019
DHI,11/13/2019
DHI,1/28/2020
DHI,4/29/2020
DHI,7/29/2020
DHR,1/29/2010
DHR,4/23/2010
DHR,7/23/2010
DHR,10/22/2010
DHR,1/28/2011
DHR,4/21/2011
DHR,7/22/2011
DHR,10/21/2011
DHR,2/01/2012
DHR,4/20/2012
DHR,7/20/2012
DHR,10/19/2012
DHR,1/30/2013
DHR,4/19/2013
DHR,7/19/2013
DHR,10/18/2013
DHR,1/29/2014
DHR,4/17/2014
DHR,7/18/2014
DHR,10/17/2014
DHR,1/28/2015
DHR,4/24/2015
DHR,7/24/2015
DHR,10/23/2015
DHR,1/27/2016
DHR,4/22/2016
DHR,7/26/2016
DHR,10/21/2016
DHR,2/01/2017
DHR,4/21/2017
DHR,7/21/2017
DHR,10/20/2017
DHR,4/20/2018
DHR,1/30/2019
DHR,7/19/2019
DHR,10/25/2019
DHR,1/31/2020
DHR,5/07/2020
DHR,7/24/2020
DHR,10/23/2020
DOV,1/26/2012
DOV,4/19/2012
DOV,7/19/2012
DOV,10/18/2012
DOV,1/25/2013
DOV,4/18/2013
DOV,7/19/2013
DOV,10/18/2013
DOV,1/31/2014
DOV,7/18/2014
DOV,10/17/2014
DOV,1/28/2015
DOV,4/22/2015
DOV,7/22/2015
DOV,10/21/2015
DOV,1/27/2016
DOV,4/22/2016
DOV,7/22/2016
DOV,10/20/2016
DOV,1/27/2017
DOV,4/21/2017
DOV,7/21/2017
DOV,10/20/2017
DOV,1/30/2019
DOV,7/19/2019
DOV,10/18/2019
DOV,1/31/2020
DOV,4/22/2020
DOV,7/23/2020
DOV,10/21/2020
DOW,10/25/2019
DOW,1/30/2020
DOW,5/01/2020
DOW,7/24/2020
DOW,10/23/2020
DRI,3/25/2010
DRI,6/25/2010
DRI,9/23/2010
DRI,12/22/2010
DRI,12/21/2012
DRI,12/20/2013
DRI,12/17/2014
DRI,6/24/2015
DRI,9/23/2015
DRI,4/06/2016
DRI,7/01/2016
DRI,10/05/2016
DRI,3/29/2017
DRI,6/28/2017
DRI,9/27/2017
DRI,12/20/2017
DRI,3/22/2019
DRI,6/21/2019
DRI,9/20/2019
DRI,12/20/2019
DRI,9/25/2020
DVA,2/12/2010
DVA,4/28/2010
DVA,8/03/2010
DVA,11/05/2010
DVA,2/11/2011
DVA,5/04/2011
DVA,8/04/2011
DVA,11/04/2011
DVA,2/17/2012
DVA,5/03/2012
DVA,8/02/2012
DVA,10/31/2012
DVA,2/15/2013
DVA,5/08/2013
DVA,8/07/2013
DVA,11/06/2013
DVA,2/12/2014
DVA,5/02/2014
DVA,8/01/2014
DVA,11/07/2014
DVA,2/13/2015
DVA,5/06/2015
DVA,8/05/2015
DVA,11/04/2015
DVA,2/12/2016
DVA,5/05/2016
DVA,8/09/2016
DVA,11/03/2016
DVA,2/17/2017
DVA,5/03/2017
DVA,8/02/2017
DVA,11/08/2017
DVA,2/15/2019
DVA,5/08/2019
DVA,8/02/2019
DVA,11/06/2019
DVA,2/11/2020
DVA,5/06/2020
DVA,7/31/2020
DVA,10/30/2020
DXC,11/08/2017
DXC,2/08/2019
DXC,5/24/2019
DXC,8/09/2019
DXC,11/12/2019
DXC,2/07/2020
DXC,5/29/2020
DXC,8/07/2020
ECL,2/12/2010
ECL,4/28/2010
ECL,7/28/2010
ECL,10/27/2010
ECL,2/18/2011
ECL,4/27/2011
ECL,7/28/2011
ECL,10/26/2011
ECL,2/29/2012
ECL,5/02/2012
ECL,8/01/2012
ECL,10/31/2012
ECL,2/27/2013
ECL,5/01/2013
ECL,7/31/2013
ECL,10/30/2013
ECL,4/29/2014
ECL,7/30/2014
ECL,10/29/2014
ECL,2/25/2015
ECL,4/29/2015
ECL,7/29/2015
ECL,11/03/2015
ECL,2/24/2016
ECL,5/04/2016
ECL,8/03/2016
ECL,11/02/2016
ECL,2/22/2017
ECL,5/03/2017
ECL,8/02/2017
ECL,11/01/2017
ECL,2/20/2019
ECL,5/01/2019
ECL,7/31/2019
ECL,10/30/2019
ECL,2/19/2020
ECL,4/29/2020
ECL,7/29/2020
ECL,10/28/2020
EL,1/29/2010
EL,4/28/2010
EL,8/13/2010
EL,2/04/2011
EL,5/06/2011
EL,8/16/2011
EL,11/04/2011
EL,8/15/2012
EL,11/02/2012
EL,2/06/2013
EL,5/03/2013
EL,8/16/2013
EL,11/01/2013
EL,2/06/2014
EL,11/05/2014
EL,2/06/2015
EL,5/06/2015
EL,8/18/2015
EL,11/03/2015
EL,5/04/2016
EL,11/03/2016
EL,2/03/2017
EL,5/04/2017
EL,11/02/2017
EL,2/06/2019
EL,5/02/2019
EL,8/20/2019
EL,11/01/2019
EL,2/07/2020
EL,8/21/2020
EL,11/03/2020
EMN,2/02/2011
EMN,8/01/2012
EMN,7/31/2013
EMN,7/30/2014
EMN,7/29/2015
EMN,8/05/2020
EMR,2/03/2010
EMR,5/05/2010
EMR,8/04/2010
EMR,11/03/2010
EMR,2/02/2011
EMR,5/04/2011
EMR,8/03/2011
EMR,11/02/2011
EMR,2/08/2012
EMR,5/02/2012
EMR,8/08/2012
EMR,11/07/2012
EMR,2/06/2013
EMR,5/08/2013
EMR,8/07/2013
EMR,11/06/2013
EMR,2/05/2014
EMR,5/07/2014
EMR,8/06/2014
EMR,11/05/2014
EMR,2/04/2015
EMR,5/06/2015
EMR,8/05/2015
EMR,11/04/2015
EMR,2/03/2016
EMR,5/04/2016
EMR,8/03/2016
EMR,11/02/2016
EMR,2/08/2017
EMR,5/03/2017
EMR,8/02/2017
EMR,11/08/2017
EMR,2/06/2019
EMR,5/08/2019
EMR,8/07/2019
EMR,11/06/2019
EMR,2/05/2020
EMR,4/22/2020
EMR,8/05/2020
EOG,2/11/2010
EOG,5/05/2010
EOG,11/04/2010
EOG,11/03/2011
EOG,5/10/2012
EOG,11/07/2012
EOG,2/15/2013
EOG,5/08/2013
EOG,8/08/2013
EOG,11/08/2013
EOG,2/26/2014
EOG,5/07/2014
EOG,8/07/2014
EOG,11/06/2014
EOG,2/20/2015
EOG,5/06/2015
EOG,3/01/2017
EOG,5/10/2017
EOG,8/03/2017
EOG,2/28/2019
EOG,11/08/2019
EW,2/05/2010
EW,4/21/2010
EW,7/22/2010
EW,10/26/2010
EW,2/03/2011
EW,4/21/2011
EW,7/22/2011
EW,10/20/2011
EW,2/03/2012
EW,4/25/2012
EW,7/25/2012
EW,2/05/2013
EW,4/24/2013
EW,7/26/2013
EW,10/29/2013
EW,2/04/2014
EW,4/25/2014
EW,7/30/2014
EW,10/24/2014
EW,2/04/2015
EW,4/24/2015
EW,7/29/2015
EW,10/27/2015
EW,2/03/2016
EW,4/27/2016
EW,7/27/2016
EW,10/26/2016
EW,2/02/2017
EW,4/26/2017
EW,7/27/2017
EW,10/25/2017
EW,4/25/2018
EW,2/01/2019
EW,4/24/2019
EW,7/24/2019
EW,10/24/2019
EW,1/31/2020
EW,4/24/2020
EW,7/24/2020
EW,10/22/2020
EXR,4/28/2017
EXR,8/03/2017
EXR,11/03/2017
EXR,2/22/2019
EXR,5/02/2019
EXR,8/01/2019
EXR,10/31/2019
EXR,2/20/2020
EXR,5/08/2020
EXR,8/06/2020
EXR,11/06/2020
F,4/29/2016
F,7/29/2016
F,4/26/2018
F,2/05/2020
F,4/29/2020
F,7/31/2020
F,10/29/2020
FBHS,4/27/2012
FBHS,7/27/2012
FBHS,10/24/2012
FBHS,2/01/2013
FBHS,5/03/2013
FBHS,7/25/2013
FBHS,10/24/2013
FBHS,1/30/2014
FBHS,5/01/2014
FBHS,7/31/2014
FBHS,10/30/2014
FBHS,2/05/2015
FBHS,5/01/2015
FBHS,7/23/2015
FBHS,10/22/2015
FBHS,2/04/2016
FBHS,4/21/2016
FBHS,7/28/2016
FBHS,10/27/2016
FBHS,2/01/2017
FBHS,4/27/2017
FBHS,8/03/2017
FBHS,10/26/2017
FBHS,4/27/2018
FBHS,2/01/2019
FBHS,4/25/2019
FBHS,8/02/2019
FBHS,10/24/2019
FBHS,1/30/2020
FBHS,5/01/2020
FBHS,7/30/2020
FBHS,10/29/2020
FCX,1/22/2010
FCX,4/22/2010
FCX,7/22/2010
FCX,10/22/2010
FCX,1/21/2011
FCX,4/21/2011
FCX,7/22/2011
FCX,10/20/2011
FCX,1/20/2012
FCX,4/20/2012
FCX,7/20/2012
FCX,10/23/2012
FCX,1/23/2013
FCX,4/19/2013
FCX,7/24/2013
FCX,10/23/2013
FCX,1/23/2014
FCX,4/25/2014
FCX,7/24/2014
FCX,10/29/2014
FCX,1/28/2015
FCX,4/24/2015
FCX,7/24/2015
FCX,10/23/2015
FCX,1/27/2016
FCX,4/27/2016
FCX,7/27/2016
FCX,10/26/2016
FCX,1/26/2017
FCX,4/26/2017
FCX,7/26/2017
FCX,10/26/2017
FCX,4/25/2018
FCX,1/25/2019
FCX,4/26/2019
FCX,7/25/2019
FCX,10/24/2019
FCX,1/24/2020
FCX,7/24/2020
FCX,10/23/2020
FDX,3/19/2010
FDX,6/17/2010
FDX,9/17/2010
FDX,12/17/2010
FDX,3/18/2011
FDX,6/23/2011
FDX,9/23/2011
FDX,12/16/2011
FDX,3/23/2012
FDX,6/20/2012
FDX,9/19/2012
FDX,12/20/2012
FDX,3/21/2013
FDX,6/20/2013
FDX,9/19/2013
FDX,12/19/2013
FDX,3/20/2014
FDX,6/19/2014
FDX,9/18/2014
FDX,12/18/2014
FDX,3/19/2015
FDX,6/18/2015
FDX,9/17/2015
FDX,12/17/2015
FDX,3/17/2016
FDX,6/22/2016
FDX,9/21/2016
FDX,12/21/2016
FDX,3/22/2017
FDX,6/21/2017
FDX,9/20/2017
FDX,12/20/2017
FDX,6/26/2019
FDX,9/18/2019
FDX,12/18/2019
FIS,2/05/2010
FIS,4/28/2010
FIS,7/21/2010
FIS,10/27/2010
FIS,2/09/2011
FIS,5/04/2011
FIS,7/20/2011
FIS,11/02/2011
FIS,2/15/2012
FIS,4/27/2012
FIS,7/18/2012
FIS,11/06/2012
FIS,2/13/2013
FIS,5/01/2013
FIS,7/31/2013
FIS,10/30/2013
FIS,2/05/2014
FIS,5/02/2014
FIS,7/30/2014
FIS,10/31/2014
FIS,2/06/2015
FIS,5/01/2015
FIS,7/24/2015
FIS,11/04/2015
FIS,2/10/2016
FIS,5/04/2016
FIS,7/27/2016
FIS,11/02/2016
FIS,2/08/2017
FIS,5/03/2017
FIS,8/03/2017
FIS,11/01/2017
FIS,2/13/2019
FIS,5/01/2019
FIS,8/07/2019
FIS,11/06/2019
FIS,2/14/2020
FIS,5/08/2020
FIS,8/05/2020
FIS,10/30/2020
FLS,2/26/2010
FLS,5/07/2010
FLS,7/30/2010
FLS,10/29/2010
FLS,2/25/2011
FLS,4/29/2011
FLS,7/29/2011
FLS,2/24/2012
FLS,5/02/2012
FLS,8/01/2012
FLS,10/31/2012
FLS,4/26/2013
FLS,7/26/2013
FLS,2/20/2014
FLS,4/25/2014
FLS,7/25/2014
FLS,2/19/2015
FLS,5/03/2017
FLS,11/03/2017
FLS,2/22/2019
FLS,8/02/2019
FLS,11/01/2019
FLS,2/19/2020
FLT,2/24/2011
FLT,5/13/2011
FLT,8/05/2011
FLT,11/10/2011
FLT,2/09/2012
FLT,5/10/2012
FLT,8/09/2012
FLT,11/09/2012
FLT,2/08/2013
FLT,5/03/2013
FLT,8/02/2013
FLT,10/31/2013
FLT,2/06/2014
FLT,5/02/2014
FLT,8/01/2014
FLT,10/31/2014
FLT,2/06/2015
FLT,5/01/2015
FLT,8/06/2015
FLT,11/05/2015
FLT,2/05/2016
FLT,5/05/2016
FLT,8/05/2016
FLT,11/02/2016
FLT,2/09/2017
FLT,5/02/2017
FLT,8/04/2017
FLT,11/02/2017
FLT,2/07/2019
FLT,5/08/2019
FLT,8/07/2019
FLT,11/07/2019
FLT,2/07/2020
FLT,5/08/2020
FLT,8/07/2020
FLT,11/06/2020
FMC,5/05/2010
FMC,7/30/2010
FMC,10/29/2010
FMC,2/09/2011
FMC,5/04/2011
FMC,8/03/2011
FMC,11/02/2011
FMC,2/10/2012
FMC,5/02/2012
FMC,8/02/2012
FMC,2/08/2013
FMC,5/02/2013
FMC,7/31/2013
FMC,10/30/2013
FMC,2/07/2014
FMC,5/08/2014
FMC,8/01/2014
FMC,10/31/2014
FMC,2/06/2015
FMC,5/12/2015
FMC,8/07/2015
FMC,10/30/2015
FMC,2/12/2016
FMC,5/04/2016
FMC,8/04/2016
FMC,11/04/2016
FMC,2/08/2017
FMC,5/04/2017
FMC,8/03/2017
FMC,11/08/2017
FMC,2/13/2019
FMC,5/08/2019
FMC,8/01/2019
FMC,10/31/2019
FMC,2/07/2020
FMC,5/07/2020
FMC,8/06/2020
FMC,11/04/2020
FTV,2/08/2017
FTV,4/28/2017
FTV,7/28/2017
FTV,10/27/2017
FTV,4/27/2018
FTV,2/08/2019
FTV,4/26/2019
FTV,7/26/2019
FTV,10/25/2019
FTV,2/07/2020
FTV,5/01/2020
FTV,7/29/2020
FTV,10/28/2020
GD,1/28/2010
GD,4/29/2010
GD,7/29/2010
GD,10/28/2010
GD,1/27/2011
GD,4/28/2011
GD,7/28/2011
GD,10/27/2011
GD,1/26/2012
GD,4/26/2012
GD,7/26/2012
GD,10/25/2012
GD,1/24/2013
GD,4/25/2013
GD,7/25/2013
GD,10/24/2013
GD,1/23/2014
GD,4/24/2014
GD,7/24/2014
GD,10/23/2014
GD,1/29/2015
GD,4/30/2015
GD,7/30/2015
GD,10/29/2015
GD,1/28/2016
GD,4/28/2016
GD,7/28/2016
GD,10/27/2016
GD,4/27/2017
GD,7/27/2017
GD,10/26/2017
GD,4/26/2018
GD,1/31/2019
GD,4/25/2019
GD,7/25/2019
GD,10/24/2019
GD,1/30/2020
GD,4/30/2020
GD,7/30/2020
GD,10/29/2020
GIS,3/25/2010
GIS,6/30/2010
GIS,9/23/2010
GIS,12/17/2010
GIS,3/24/2011
GIS,6/30/2011
GIS,9/22/2011
GIS,12/21/2011
GIS,3/22/2012
GIS,6/28/2012
GIS,9/20/2012
GIS,12/20/2012
GIS,3/21/2013
GIS,6/27/2013
GIS,9/19/2013
GIS,12/19/2013
GIS,3/20/2014
GIS,6/26/2014
GIS,9/18/2014
GIS,12/18/2014
GIS,3/19/2015
GIS,7/02/2015
GIS,12/18/2015
GIS,3/24/2016
GIS,6/30/2016
GIS,9/22/2016
GIS,12/21/2016
GIS,3/22/2017
GIS,6/29/2017
GIS,9/21/2017
GIS,12/21/2017
GIS,3/21/2019
GIS,6/27/2019
GIS,9/19/2019
GIS,12/19/2019
GIS,3/19/2020
GIS,7/02/2020
GLW,1/27/2010
GLW,4/29/2010
GLW,7/29/2010
GLW,11/02/2010
GLW,1/26/2011
GLW,4/28/2011
GLW,7/28/2011
GLW,10/27/2011
GLW,1/26/2012
GLW,4/26/2012
GLW,7/26/2012
GLW,10/25/2012
GLW,1/30/2013
GLW,4/25/2013
GLW,7/31/2013
GLW,10/31/2013
GLW,1/29/2014
GLW,4/29/2014
GLW,7/30/2014
GLW,10/29/2014
GLW,1/28/2015
GLW,4/29/2015
GLW,7/29/2015
GLW,10/28/2015
GLW,1/27/2016
GLW,4/27/2016
GLW,7/28/2016
GLW,10/26/2016
GLW,1/25/2017
GLW,4/26/2017
GLW,7/27/2017
GLW,10/25/2017
GLW,4/25/2018
GLW,1/30/2019
GLW,5/01/2019
GLW,7/31/2019
GLW,10/30/2019
GLW,1/30/2020
GLW,4/29/2020
GM,2/25/2011
GM,5/06/2011
GM,8/05/2011
GM,11/10/2011
GM,2/17/2012
GM,5/04/2012
GM,8/03/2012
GM,11/01/2012
GM,2/15/2013
GM,5/03/2013
GM,7/26/2013
GM,10/31/2013
GM,2/07/2014
GM,4/25/2014
GM,7/25/2014
GM,10/24/2014
GM,2/05/2015
GM,4/24/2015
GM,7/24/2015
GM,10/22/2015
GM,2/04/2016
GM,4/22/2016
GM,7/22/2016
GM,10/26/2016
GM,2/08/2017
GM,7/26/2017
GM,10/25/2017
GM,4/27/2018
GM,2/07/2019
GM,5/01/2019
GM,8/02/2019
GM,10/30/2019
GM,5/07/2020
GM,7/30/2020
GM,11/06/2020
GPC,2/17/2010
GPC,2/23/2011
GPC,10/19/2011
GPC,2/22/2012
GPC,4/20/2012
GPC,7/20/2012
GPC,10/19/2012
GPC,2/20/2013
GPC,7/19/2013
GPC,2/19/2014
GPC,4/23/2014
GPC,7/22/2014
GPC,10/21/2014
GPC,2/18/2015
GPC,4/22/2015
GPC,7/21/2015
GPC,10/20/2015
GPC,2/17/2016
GPC,4/20/2016
GPC,7/20/2016
GPC,10/20/2016
GPC,2/22/2017
GPC,4/20/2017
GPC,7/21/2017
GPC,10/20/2017
GPC,4/20/2018
GPC,2/20/2019
GPC,7/19/2019
GPC,10/18/2019
GPC,2/20/2020
GPC,5/07/2020
GPC,7/31/2020
GPC,10/23/2020
GPN,1/08/2010
GPN,4/01/2010
GPN,7/28/2010
GPN,10/12/2010
GPN,1/07/2011
GPN,4/01/2011
GPN,7/22/2011
GPN,10/05/2011
GPN,1/06/2012
GPN,4/03/2012
GPN,7/27/2012
GPN,1/09/2013
GPN,4/03/2013
GPN,7/26/2013
GPN,10/02/2013
GPN,1/09/2014
GPN,4/04/2014
GPN,7/30/2014
GPN,10/03/2014
GPN,1/09/2015
GPN,4/09/2015
GPN,1/10/2017
GPN,8/04/2017
GPN,11/09/2017
GPN,2/14/2019
GPN,5/03/2019
GPN,7/31/2019
GPN,11/01/2019
GPN,2/13/2020
GPN,5/07/2020
GPN,8/04/2020
GPN,10/30/2020
GPS,2/26/2010
GPS,5/21/2010
GPS,8/20/2010
GPS,11/19/2010
GPS,2/25/2011
GPS,5/20/2011
GPS,8/19/2011
GPS,11/18/2011
GPS,2/24/2012
GPS,8/17/2012
GPS,11/16/2012
GPS,3/01/2013
GPS,5/24/2013
GPS,8/23/2013
GPS,11/22/2013
GPS,2/28/2014
GPS,5/23/2014
GPS,8/22/2014
GPS,11/21/2014
GPS,2/27/2015
GPS,5/22/2015
GPS,8/21/2015
GPS,11/20/2015
GPS,2/26/2016
GPS,5/20/2016
GPS,8/19/2016
GPS,11/18/2016
GPS,2/24/2017
GPS,5/19/2017
GPS,8/18/2017
GPS,11/17/2017
GPS,3/01/2019
GPS,5/31/2019
GPS,8/23/2019
GPS,11/22/2019
GPS,3/13/2020
GPS,6/05/2020
GPS,8/28/2020
GPS,11/25/2020
GWW,1/27/2010
GWW,4/15/2010
GWW,7/16/2010
GWW,10/15/2010
GWW,1/26/2011
GWW,4/19/2011
GWW,7/20/2011
GWW,10/19/2011
GWW,1/26/2012
GWW,4/18/2012
GWW,7/19/2012
GWW,10/17/2012
GWW,1/25/2013
GWW,4/17/2013
GWW,7/18/2013
GWW,10/17/2013
GWW,4/17/2014
GWW,7/18/2014
GWW,10/17/2014
GWW,1/27/2015
GWW,4/16/2015
GWW,7/17/2015
GWW,1/27/2016
GWW,4/18/2016
GWW,7/19/2016
GWW,10/19/2016
GWW,1/26/2017
GWW,4/19/2017
GWW,7/20/2017
GWW,10/18/2017
GWW,4/20/2018
GWW,1/25/2019
GWW,4/23/2019
GWW,7/25/2019
GWW,10/24/2019
GWW,1/31/2020
GWW,4/24/2020
GWW,7/24/2020
GWW,10/23/2020
HBI,1/28/2010
HBI,4/22/2010
HBI,7/22/2010
HBI,10/28/2010
HBI,2/03/2011
HBI,4/21/2011
HBI,7/21/2011
HBI,11/03/2011
HBI,2/16/2012
HBI,4/20/2012
HBI,8/01/2012
HBI,10/24/2012
HBI,2/06/2013
HBI,4/24/2013
HBI,7/31/2013
HBI,10/31/2013
HBI,1/30/2014
HBI,4/25/2014
HBI,7/24/2014
HBI,10/30/2014
HBI,1/30/2015
HBI,4/24/2015
HBI,7/31/2015
HBI,10/29/2015
HBI,2/05/2016
HBI,4/22/2016
HBI,8/03/2016
HBI,10/28/2016
HBI,2/03/2017
HBI,5/03/2017
HBI,8/02/2017
HBI,11/02/2017
HBI,2/08/2019
HBI,5/03/2019
HBI,8/02/2019
HBI,11/01/2019
HBI,5/01/2020
HBI,7/31/2020
HBI,11/06/2020
HCA,10/27/2020
HD,2/24/2010
HD,5/19/2010
HD,8/18/2010
HD,11/17/2010
HD,2/23/2011
HD,5/18/2011
HD,8/17/2011
HD,11/16/2011
HD,2/22/2012
HD,5/16/2012
HD,8/15/2012
HD,11/14/2012
HD,2/27/2013
HD,5/22/2013
HD,8/21/2013
HD,11/20/2013
HD,2/26/2014
HD,5/21/2014
HD,8/20/2014
HD,11/19/2014
HD,2/25/2015
HD,5/20/2015
HD,8/19/2015
HD,11/18/2015
HD,2/24/2016
HD,5/18/2016
HD,8/17/2016
HD,11/16/2016
HD,2/22/2017
HD,5/17/2017
HD,8/16/2017
HD,11/15/2017
HD,11/18/2020
HFC,2/29/2012
HFC,5/08/2012
HFC,8/09/2012
HFC,11/08/2012
HFC,2/27/2013
HFC,5/08/2013
HFC,8/08/2013
HFC,11/07/2013
HFC,2/26/2014
HFC,5/07/2014
HFC,8/07/2014
HFC,11/06/2014
HFC,2/26/2015
HFC,5/07/2015
HFC,8/06/2015
HFC,11/06/2015
HFC,2/25/2016
HFC,5/05/2016
HFC,8/04/2016
HFC,11/04/2016
HFC,2/23/2017
HFC,5/04/2017
HFC,8/03/2017
HFC,11/02/2017
HFC,2/21/2019
HFC,5/03/2019
HFC,11/01/2019
HFC,2/21/2020
HFC,5/08/2020
HFC,8/07/2020
HFC,11/06/2020
HII,11/11/2011
HII,3/29/2012
HII,5/10/2012
HII,8/09/2012
HII,11/09/2012
HII,2/28/2013
HII,5/09/2013
HII,8/08/2013
HII,11/08/2013
HII,2/28/2014
HII,5/09/2014
HII,8/08/2014
HII,11/07/2014
HII,2/20/2015
HII,5/08/2015
HII,8/07/2015
HII,11/06/2015
HII,2/19/2016
HII,5/06/2016
HII,8/05/2016
HII,11/04/2016
HII,2/17/2017
HII,5/05/2017
HII,8/04/2017
HII,11/09/2017
HII,2/15/2019
HII,5/03/2019
HII,8/02/2019
HII,11/08/2019
HII,2/14/2020
HII,5/08/2020
HII,8/07/2020
HII,11/06/2020
HLT,2/19/2015
HLT,4/30/2015
HLT,7/30/2015
HLT,10/29/2015
HLT,4/28/2016
HLT,7/28/2016
HLT,10/27/2016
HLT,2/16/2017
HLT,5/03/2017
HLT,7/27/2017
HLT,10/27/2017
HLT,4/27/2018
HLT,2/14/2019
HOG,4/21/2010
HOG,7/21/2010
HOG,10/20/2010
HOG,1/26/2011
HOG,4/20/2011
HOG,7/20/2011
HOG,10/19/2011
HOG,1/25/2012
HOG,4/26/2012
HOG,8/02/2012
HOG,10/24/2012
HOG,1/30/2013
HOG,4/26/2013
HOG,7/26/2013
HOG,10/23/2013
HOG,1/31/2014
HOG,4/23/2014
HOG,7/23/2014
HOG,10/22/2014
HOG,1/30/2015
HOG,4/22/2015
HOG,7/22/2015
HOG,10/21/2015
HOG,1/29/2016
HOG,4/20/2016
HOG,7/29/2016
HOG,10/19/2016
HOG,2/01/2017
HOG,7/19/2017
HOG,10/18/2017
HOG,4/25/2018
HOG,1/30/2019
HOG,4/24/2019
HOG,7/24/2019
HOG,10/23/2019
HOG,4/29/2020
HON,7/19/2012
HON,4/20/2018
HON,7/19/2019
HON,10/18/2019
HP,1/29/2010
HP,4/30/2010
HP,7/30/2010
HP,11/19/2010
HP,1/28/2011
HP,4/29/2011
HP,11/18/2011
HP,2/01/2012
HP,4/27/2012
HP,11/16/2012
HP,2/01/2013
HP,4/26/2013
HP,11/15/2013
HP,1/31/2014
HP,4/25/2014
HP,8/01/2014
HP,11/14/2014
HP,1/30/2015
HP,4/24/2015
HP,7/31/2015
HP,11/13/2015
HP,1/29/2016
HP,5/03/2016
HP,7/29/2016
HP,11/18/2016
HP,1/27/2017
HP,4/28/2017
HP,7/28/2017
HP,11/17/2017
HP,4/27/2018
HP,1/31/2019
HP,4/26/2019
HP,7/26/2019
HP,2/05/2020
HPE,5/25/2016
HPE,9/08/2016
HPE,11/23/2016
HPE,2/24/2017
HPE,6/01/2017
HPE,9/06/2017
HPE,11/22/2017
HPE,2/22/2019
HPE,5/24/2019
HPE,8/28/2019
HPE,11/26/2019
HPE,3/04/2020
HPE,5/22/2020
HPE,8/26/2020
HPQ,2/18/2010
HPQ,5/19/2010
HPQ,8/20/2010
HPQ,11/23/2010
HPQ,2/23/2011
HPQ,5/18/2011
HPQ,8/19/2011
HPQ,11/22/2011
HPQ,2/23/2012
HPQ,5/24/2012
HPQ,8/23/2012
HPQ,11/21/2012
HPQ,2/22/2013
HPQ,5/23/2013
HPQ,8/22/2013
HPQ,11/27/2013
HPQ,2/21/2014
HPQ,5/23/2014
HPQ,8/21/2014
HPQ,11/26/2014
HPQ,2/25/2015
HPQ,5/22/2015
HPQ,8/21/2015
HPQ,11/25/2015
HRB,8/29/2019
HRL,2/19/2010
HRL,5/20/2010
HRL,11/24/2010
HRL,5/26/2011
HRL,8/26/2011
HRL,11/23/2011
HRL,2/24/2012
HRL,5/24/2012
HRL,8/24/2012
HRL,11/21/2012
HRL,2/22/2013
HRL,5/24/2013
HRL,8/23/2013
HRL,11/27/2013
HRL,2/21/2014
HRL,5/22/2014
HRL,8/22/2014
HRL,11/26/2014
HRL,2/20/2015
HRL,5/21/2015
HRL,8/20/2015
HRL,11/25/2015
HRL,5/19/2016
HRL,8/19/2016
HRL,11/23/2016
HRL,2/24/2017
HRL,5/26/2017
HRL,8/25/2017
HRL,11/22/2017
HRL,2/22/2019
HRL,5/24/2019
HRL,8/23/2019
HRL,11/27/2019
HRL,2/21/2020
HRL,5/22/2020
HRL,8/26/2020
HST,2/18/2010
HST,4/29/2010
HST,7/22/2010
HST,10/14/2010
HST,2/16/2011
HWM,11/10/2020
IBM,10/20/2020
IEX,2/05/2010
IEX,4/20/2010
IEX,7/21/2010
IEX,10/20/2010
IEX,2/04/2011
IEX,7/22/2011
IEX,10/21/2011
IEX,2/08/2012
IEX,4/25/2012
IEX,7/25/2012
IEX,10/24/2012
IEX,2/06/2013
IEX,4/24/2013
IEX,7/24/2013
IEX,10/23/2013
IEX,1/31/2014
IEX,4/24/2014
IEX,7/24/2014
IEX,10/22/2014
IEX,1/30/2015
IEX,4/22/2015
IEX,7/24/2015
IEX,10/21/2015
IEX,4/20/2016
IEX,7/20/2016
IEX,10/19/2016
IEX,2/01/2017
IEX,4/21/2017
IEX,7/27/2017
IEX,10/18/2017
IEX,1/31/2019
IEX,10/31/2019
IEX,1/31/2020
IEX,10/29/2020
IFF,2/10/2010
IFF,5/07/2010
IFF,8/06/2010
IFF,11/05/2010
IFF,2/11/2011
IFF,5/11/2011
IFF,8/10/2011
IFF,11/09/2011
IFF,2/10/2012
IFF,5/09/2012
IFF,8/09/2012
IFF,11/07/2012
IFF,2/08/2013
IFF,5/08/2013
IFF,8/07/2013
IFF,11/06/2013
IFF,2/14/2014
IFF,5/07/2014
IFF,8/06/2014
IFF,11/05/2014
IFF,2/13/2015
IFF,5/13/2015
IFF,8/12/2015
IFF,11/11/2015
IFF,2/12/2016
IFF,5/11/2016
IFF,8/10/2016
IFF,11/09/2016
IFF,2/17/2017
IFF,5/10/2017
IFF,8/10/2017
IFF,11/08/2017
IFF,2/15/2019
IFF,5/08/2019
IFF,8/07/2019
IFF,11/06/2019
IFF,2/14/2020
IFF,5/13/2020
IFF,8/12/2020
IFF,11/11/2020
IMS,5/02/2014
IMS,7/25/2014
IMS,2/04/2015
IMS,10/30/2015
IP,2/04/2010
IP,4/30/2010
IP,7/29/2010
IP,10/28/2010
IP,2/04/2011
IP,4/29/2011
IP,7/29/2011
IP,10/28/2011
IP,2/03/2012
IP,7/27/2012
IP,10/26/2012
IP,1/30/2013
IP,5/03/2013
IP,7/26/2013
IP,10/25/2013
IP,2/05/2014
IP,5/01/2014
IP,7/30/2014
IP,11/05/2014
IP,1/29/2015
IP,4/30/2015
IP,7/30/2015
IP,10/29/2015
IP,2/04/2016
IP,4/28/2016
IP,7/29/2016
IP,10/28/2016
IP,2/03/2017
IP,4/28/2017
IP,7/28/2017
IP,10/26/2017
IP,4/27/2018
IP,2/01/2019
IP,4/26/2019
IP,7/26/2019
IP,11/01/2019
IP,7/31/2020
IP,10/30/2020
IPG,4/30/2010
IPG,7/30/2010
IPG,4/29/2011
IPG,7/29/2011
IPG,4/27/2012
IPG,7/27/2012
IPG,4/23/2014
IPG,10/23/2014
IPG,7/23/2015
IPG,10/22/2015
IPG,7/22/2016
IPG,7/26/2017
IPG,10/25/2017
IPG,2/14/2019
IPG,7/24/2019
IPG,10/23/2019
IPG,2/13/2020
IPG,4/23/2020
IPG,7/30/2020
IPG,10/22/2020
IQV,2/15/2019
IQV,5/02/2019
IQV,7/25/2019
IQV,10/31/2019
IQV,2/13/2020
IQV,4/29/2020
IQV,7/23/2020
IQV,10/21/2020
IR,8/04/2017
IR,10/27/2017
IR,2/20/2019
IR,5/01/2019
IR,8/02/2019
IR,10/30/2019
IR,2/19/2020
IR,5/13/2020
IR,8/05/2020
IR,11/04/2020
IRM,2/26/2010
IRM,4/30/2010
IRM,7/30/2010
IRM,10/29/2010
IRM,2/25/2011
IRM,4/29/2011
IRM,7/29/2011
IRM,10/28/2011
IRM,2/24/2012
IRM,4/27/2012
IRM,7/27/2012
IRM,11/01/2012
IRM,3/01/2013
IRM,5/02/2013
IRM,8/02/2013
IRM,11/01/2013
IRM,5/02/2014
IRM,8/01/2014
IRM,10/31/2014
IRM,8/05/2016
IRM,11/02/2016
IRM,2/24/2017
IRM,10/25/2017
IRM,4/27/2018
IRM,2/15/2019
IRM,4/26/2019
IRM,8/02/2019
IRM,11/01/2019
IRM,2/14/2020
IRM,5/08/2020
IRM,8/07/2020
IRM,11/06/2020
IT,2/10/2010
IT,5/06/2010
IT,8/11/2010
IT,11/05/2010
IT,2/09/2011
IT,5/06/2011
IT,8/03/2011
IT,11/02/2011
IT,2/08/2012
IT,5/04/2012
IT,2/08/2013
IT,5/03/2013
IT,11/08/2013
IT,2/07/2014
IT,5/02/2014
IT,8/06/2014
IT,11/07/2014
IT,11/04/2016
IT,2/03/2017
IT,5/05/2017
IT,8/09/2017
IT,11/03/2017
IT,2/06/2019
IT,5/08/2019
IT,7/31/2019
IT,11/01/2019
IT,2/05/2020
IT,5/08/2020
IT,8/05/2020
IT,11/04/2020
ITW,1/28/2010
ITW,4/21/2010
ITW,7/21/2010
ITW,10/20/2010
ITW,2/01/2011
ITW,4/27/2011
ITW,7/27/2011
ITW,10/26/2011
ITW,2/01/2012
ITW,4/25/2012
ITW,7/25/2012
ITW,10/24/2012
ITW,1/30/2013
ITW,4/24/2013
ITW,7/24/2013
ITW,10/23/2013
ITW,1/29/2014
ITW,4/23/2014
ITW,7/30/2014
ITW,10/22/2014
ITW,1/28/2015
ITW,4/22/2015
ITW,7/23/2015
ITW,10/22/2015
ITW,1/28/2016
ITW,4/21/2016
ITW,7/21/2016
ITW,10/21/2016
ITW,1/26/2017
ITW,4/25/2017
ITW,7/25/2017
ITW,10/24/2017
ITW,4/27/2018
ITW,4/26/2019
ITW,5/06/2020
J,8/04/2020
JNJ,10/14/2020
JNPR,1/29/2010
JNPR,4/21/2010
JNPR,7/21/2010
JNPR,10/20/2010
JNPR,1/26/2011
JNPR,4/20/2011
JNPR,7/27/2011
JNPR,10/19/2011
JNPR,1/27/2012
JNPR,4/25/2012
JNPR,7/25/2012
JNPR,10/24/2012
JNPR,1/25/2013
JNPR,4/24/2013
JNPR,7/24/2013
JNPR,10/23/2013
JNPR,1/24/2014
JNPR,4/23/2014
JNPR,7/23/2014
JNPR,10/24/2014
JNPR,1/28/2015
JNPR,4/24/2015
JNPR,7/24/2015
JNPR,10/23/2015
JNPR,1/28/2016
JNPR,4/29/2016
JNPR,7/27/2016
JNPR,10/26/2016
JNPR,1/27/2017
JNPR,4/26/2017
JNPR,7/26/2017
JNPR,1/30/2019
JNPR,4/26/2019
JNPR,7/26/2019
JNPR,10/25/2019
JNPR,1/28/2020
JNPR,4/29/2020
JNPR,7/29/2020
JNPR,10/28/2020
JWN,2/23/2010
JWN,5/14/2010
JWN,8/13/2010
JWN,11/16/2010
JWN,2/18/2011
JWN,5/13/2011
JWN,8/12/2011
JWN,11/11/2011
JWN,2/17/2012
JWN,5/11/2012
JWN,8/10/2012
JWN,11/09/2012
JWN,2/22/2013
JWN,5/17/2013
JWN,8/16/2013
JWN,11/15/2013
JWN,2/21/2014
JWN,5/16/2014
JWN,8/15/2014
JWN,11/14/2014
JWN,2/20/2015
JWN,5/15/2015
JWN,8/14/2015
JWN,11/13/2015
JWN,2/19/2016
JWN,5/13/2016
JWN,8/12/2016
JWN,11/11/2016
JWN,2/24/2017
JWN,5/12/2017
JWN,11/10/2017
JWN,3/01/2019
JWN,5/22/2019
JWN,8/22/2019
JWN,11/22/2019
JWN,3/04/2020
JWN,5/29/2020
K,2/05/2010
K,4/30/2010
K,7/30/2010
K,11/03/2010
K,2/04/2011
K,5/05/2011
K,7/29/2011
K,11/04/2011
K,2/03/2012
K,4/27/2012
K,8/03/2012
K,11/02/2012
K,2/06/2013
K,5/03/2013
K,8/02/2013
K,11/05/2013
K,2/07/2014
K,5/02/2014
K,8/01/2014
K,10/31/2014
K,2/13/2015
K,5/06/2015
K,8/05/2015
K,11/04/2015
K,2/12/2016
K,5/06/2016
K,8/05/2016
K,11/02/2016
K,2/10/2017
K,5/05/2017
K,8/04/2017
K,11/01/2017
K,2/08/2019
K,5/03/2019
K,8/02/2019
K,10/30/2019
K,2/07/2020
K,5/01/2020
K,7/31/2020
K,10/30/2020
KEYS,5/20/2015
KEYS,8/20/2015
KEYS,11/20/2015
KEYS,2/19/2016
KEYS,5/20/2016
KEYS,8/18/2016
KEYS,11/18/2016
KEYS,2/17/2017
KEYS,6/07/2017
KEYS,8/31/2017
KEYS,12/07/2017
KEYS,2/22/2019
KEYS,5/30/2019
KEYS,8/22/2019
KEYS,11/27/2019
KEYS,5/27/2020
KEYS,8/21/2020
KMB,10/23/2020
KMX,9/23/2010
KMX,12/22/2010
KMX,4/01/2011
KMX,9/23/2011
KMX,12/22/2011
KMX,9/21/2012
KMX,12/21/2012
KMX,4/11/2013
KMX,9/25/2013
KMX,9/24/2014
KMX,9/23/2015
KMX,4/08/2016
KMX,9/22/2016
KMX,12/21/2016
KMX,4/07/2017
KMX,12/22/2017
KMX,4/05/2018
KMX,9/25/2019
KMX,4/03/2020
KMX,9/25/2020
KO,2/10/2010
KO,4/21/2010
KO,7/22/2010
KO,10/20/2010
KO,2/10/2011
KO,4/27/2011
KO,7/20/2011
KO,10/19/2011
KO,2/08/2012
KO,4/18/2012
KO,7/18/2012
KO,10/17/2012
KO,2/13/2013
KO,4/17/2013
KO,7/17/2013
KO,10/16/2013
KO,2/19/2014
KO,4/16/2014
KO,7/23/2014
KO,10/22/2014
KO,2/11/2015
KO,4/23/2015
KO,7/23/2015
KO,10/22/2015
KO,2/10/2016
KO,4/21/2016
KO,7/28/2016
KO,10/27/2016
KO,2/10/2017
KO,4/26/2017
KO,7/27/2017
KO,10/26/2017
KO,4/25/2018
KO,2/15/2019
KO,4/24/2019
KO,7/24/2019
KO,1/31/2020
KO,4/21/2020
KO,7/22/2020
KO,10/23/2020
KSS,2/26/2010
KSS,5/14/2010
KSS,8/13/2010
KSS,11/12/2010
KSS,2/25/2011
KSS,5/13/2011
KSS,8/12/2011
KSS,11/11/2011
KSS,2/24/2012
KSS,5/11/2012
KSS,8/10/2012
KSS,11/09/2012
KSS,3/01/2013
KSS,5/17/2013
KSS,8/16/2013
KSS,11/15/2013
KSS,2/28/2014
KSS,5/16/2014
KSS,8/15/2014
KSS,11/14/2014
KSS,2/27/2015
KSS,5/15/2015
KSS,8/14/2015
KSS,11/13/2015
KSS,2/26/2016
KSS,5/13/2016
KSS,8/12/2016
KSS,11/11/2016
KSS,2/24/2017
KSS,5/12/2017
KSS,8/11/2017
KSS,11/10/2017
KSS,3/06/2019
KSS,5/22/2019
KSS,8/21/2019
KSS,11/20/2019
KSS,3/04/2020
KSS,5/20/2020
KSS,8/19/2020
KSU,1/29/2010
KSU,4/28/2010
KSU,7/28/2010
KSU,10/27/2010
KSU,1/28/2011
KSU,7/22/2011
KSU,1/24/2012
KSU,4/25/2012
KSU,7/18/2012
KSU,1/23/2013
KSU,4/17/2014
KSU,4/22/2015
KSU,4/20/2016
KSU,7/20/2016
KSU,10/19/2016
KSU,4/18/2019
LCC,7/22/2010
LCC,10/21/2010
LCC,4/27/2011
LCC,7/22/2011
LCC,10/28/2011
LCC,1/26/2012
LCC,4/26/2012
LCC,7/26/2012
LCC,10/25/2012
LDOS,3/28/2014
LDOS,5/13/2015
LDOS,8/06/2015
LDOS,10/30/2015
LDOS,2/19/2016
LDOS,4/28/2016
LDOS,7/29/2016
LDOS,11/04/2016
LDOS,2/24/2017
LDOS,5/05/2017
LDOS,8/04/2017
LDOS,11/03/2017
LDOS,2/20/2019
LDOS,5/01/2019
LDOS,7/31/2019
LDOS,10/30/2019
LDOS,2/19/2020
LDOS,5/06/2020
LDOS,8/05/2020
LDOS,11/03/2020
LEN,1/08/2010
LEN,6/25/2010
LEN,9/21/2010
LEN,1/12/2011
LEN,6/24/2011
LEN,9/20/2011
LEN,1/12/2012
LEN,6/28/2012
LEN,9/25/2012
LEN,1/16/2013
LEN,6/26/2013
LEN,9/25/2013
LEN,12/19/2013
LEN,3/21/2014
LEN,6/27/2014
LEN,9/18/2014
LEN,1/16/2015
LEN,6/25/2015
LEN,9/22/2015
LEN,3/30/2016
LEN,6/22/2016
LEN,9/21/2016
LEN,12/20/2016
LEN,3/22/2017
LEN,6/21/2017
LEN,10/04/2017
LEN,4/05/2018
LEN,1/10/2019
LEN,6/26/2019
LEN,10/03/2019
LEN,1/09/2020
LEN,6/17/2020
LEN,9/16/2020
LH,2/12/2010
LH,4/22/2010
LH,7/23/2010
LH,10/22/2010
LH,2/11/2011
LH,7/22/2011
LH,10/21/2011
LH,4/20/2012
LH,7/20/2012
LH,10/19/2012
LH,4/29/2014
LH,10/29/2014
LH,4/28/2015
LH,7/29/2015
LH,10/27/2015
LH,2/19/2016
LH,4/26/2016
LH,7/28/2016
LH,10/27/2016
LH,2/17/2017
LH,4/26/2017
LH,7/27/2017
LH,10/26/2017
LH,4/26/2018
LH,2/08/2019
LH,5/01/2019
LH,7/26/2019
LH,10/25/2019
LH,2/14/2020
LH,4/30/2020
LH,7/29/2020
LH,10/28/2020
LHX,2/05/2020
LHX,5/06/2020
LMT,1/29/2010
LMT,4/22/2010
LMT,7/28/2010
LMT,10/20/2010
LMT,1/28/2011
LMT,4/27/2011
LMT,7/27/2011
LMT,10/27/2011
LMT,1/27/2012
LMT,4/27/2012
LMT,7/25/2012
LMT,10/25/2012
LMT,1/25/2013
LMT,4/24/2013
LMT,7/24/2013
LMT,10/23/2013
LMT,1/24/2014
LMT,4/23/2014
LMT,7/23/2014
LMT,10/22/2014
LMT,1/28/2015
LMT,4/22/2015
LMT,7/21/2015
LMT,10/21/2015
LMT,1/27/2016
LMT,4/27/2016
LMT,7/20/2016
LMT,10/26/2016
LMT,1/25/2017
LMT,4/26/2017
LMT,4/25/2018
LMT,1/30/2019
LMT,4/24/2019
LMT,7/24/2019
LMT,10/23/2019
LMT,1/29/2020
LMT,4/22/2020
LMT,7/22/2020
LMT,10/21/2020
LUV,10/19/2012
LUV,10/23/2020
LVS,2/18/2010
LVS,5/07/2010
LVS,7/29/2010
LVS,10/28/2010
LVS,2/04/2011
LVS,5/04/2011
LVS,7/27/2011
LVS,10/28/2011
LVS,2/02/2012
LVS,4/26/2012
LVS,7/26/2012
LVS,11/02/2012
LVS,1/31/2013
LVS,5/02/2013
LVS,7/25/2013
LVS,10/18/2013
LVS,1/30/2014
LVS,4/25/2014
LVS,7/17/2014
LVS,10/16/2014
LVS,1/29/2015
LVS,4/23/2015
LVS,7/23/2015
LVS,10/22/2015
LVS,1/28/2016
LVS,4/21/2016
LVS,7/26/2016
LVS,11/04/2016
LVS,1/26/2017
LVS,4/27/2017
LVS,7/27/2017
LVS,10/26/2017
LVS,4/26/2018
LVS,1/24/2019
LVS,4/18/2019
LVS,7/25/2019
LVS,10/24/2019
LVS,1/30/2020
LVS,4/23/2020
LVS,7/23/2020
LVS,10/22/2020
LW,7/24/2019
LW,10/03/2019
LW,4/02/2020
LW,7/29/2020
LW,10/08/2020
LYV,2/26/2010
LYV,5/11/2010
LYV,8/06/2010
LYV,11/05/2010
LYV,3/01/2011
LYV,5/06/2011
LYV,8/09/2011
LYV,11/04/2011
LYV,2/24/2012
LYV,5/10/2012
LYV,8/08/2012
LYV,11/06/2012
LYV,2/27/2013
LYV,8/07/2013
LYV,11/06/2013
LYV,2/25/2014
LYV,5/07/2014
LYV,8/01/2014
LYV,10/31/2014
LYV,2/27/2015
LYV,5/01/2015
LYV,8/11/2015
LYV,10/30/2015
LYV,2/26/2016
LYV,5/04/2016
LYV,7/29/2016
LYV,11/08/2016
LYV,2/24/2017
LYV,5/05/2017
LYV,8/10/2017
LYV,11/03/2017
LYV,3/01/2019
LYV,5/03/2019
LYV,7/26/2019
LYV,11/01/2019
LYV,2/28/2020
LYV,5/08/2020
M,2/24/2010
M,5/13/2010
M,8/12/2010
M,11/11/2010
M,2/23/2011
M,5/12/2011
M,8/11/2011
M,11/10/2011
M,2/22/2012
M,5/10/2012
M,8/09/2012
M,11/08/2012
M,2/27/2013
M,5/16/2013
M,8/15/2013
M,11/14/2013
M,2/26/2014
M,5/15/2014
M,8/14/2014
M,11/13/2014
M,2/25/2015
M,5/14/2015
M,8/13/2015
M,11/12/2015
M,2/24/2016
M,5/12/2016
M,8/12/2016
M,11/11/2016
M,2/22/2017
M,5/12/2017
M,11/10/2017
M,2/27/2019
M,5/16/2019
M,8/15/2019
M,11/22/2019
M,2/26/2020
MA,2/05/2010
MA,5/05/2010
MA,8/04/2010
MA,11/03/2010
MA,2/04/2011
MA,5/04/2011
MA,8/04/2011
MA,11/03/2011
MA,2/03/2012
MA,5/03/2012
MA,8/02/2012
MA,11/01/2012
MA,2/01/2013
MA,5/02/2013
MA,8/01/2013
MA,11/01/2013
MA,5/02/2014
MA,8/01/2014
MA,10/31/2014
MA,4/30/2015
MA,7/30/2015
MA,10/30/2015
MA,4/29/2016
MA,7/29/2016
MA,2/01/2017
MA,5/03/2017
MA,7/28/2017
MA,11/01/2017
MA,2/01/2019
MA,5/01/2019
MA,7/31/2019
MA,10/30/2019
MA,1/30/2020
MA,4/30/2020
MA,7/31/2020
MA,10/29/2020
MAR,2/12/2010
MAR,4/23/2010
MAR,7/16/2010
MAR,10/08/2010
MAR,2/16/2011
MAR,7/15/2011
MAR,7/29/2016
MAR,11/09/2016
MAR,2/17/2017
MAR,5/10/2017
MAR,8/08/2017
MAR,11/09/2017
MAR,8/07/2019
MAR,11/06/2019
MAR,8/11/2020
MAS,7/31/2020
MAS,10/29/2020
MCK,1/27/2010
MCK,5/04/2010
MCK,7/30/2010
MCK,10/27/2010
MCK,1/28/2011
MCK,5/04/2011
MCK,7/29/2011
MCK,10/26/2011
MCK,1/27/2012
MCK,5/01/2012
MCK,7/27/2012
MCK,10/26/2012
MCK,2/01/2013
MCK,5/08/2013
MCK,7/26/2013
MCK,10/25/2013
MCK,1/31/2014
MCK,5/13/2014
MCK,8/01/2014
MCK,10/29/2014
MCK,2/06/2015
MCK,5/13/2015
MCK,7/30/2015
MCK,10/30/2015
MCK,1/28/2016
MCK,5/05/2016
MCK,7/28/2016
MCK,10/28/2016
MCK,1/26/2017
MCK,5/19/2017
MCK,7/28/2017
MCK,10/27/2017
MCK,2/01/2019
MCK,5/09/2019
MCK,8/01/2019
MCK,10/31/2019
MCK,2/05/2020
MCK,5/21/2020
MCK,8/04/2020
MCO,2/09/2012
MCO,4/27/2012
MCO,7/27/2012
MCO,7/25/2013
MCO,4/25/2019
MCO,8/01/2019
MCO,10/31/2019
MCO,2/13/2020
MCO,5/01/2020
MCO,7/31/2020
MCO,10/30/2020
MGM,2/19/2010
MGM,5/07/2010
MGM,8/04/2010
MGM,11/04/2010
MGM,2/15/2011
MGM,8/09/2011
MGM,11/04/2011
MGM,2/23/2012
MGM,5/04/2012
MGM,8/08/2012
MGM,11/01/2012
MGM,2/21/2013
MGM,5/03/2013
MGM,8/07/2013
MGM,11/01/2013
MGM,2/20/2014
MGM,4/30/2014
MGM,8/06/2014
MGM,10/31/2014
MGM,2/18/2015
MGM,5/05/2015
MGM,8/05/2015
MGM,10/30/2015
MGM,2/19/2016
MGM,5/06/2016
MGM,8/05/2016
MGM,11/08/2016
MGM,2/17/2017
MGM,4/28/2017
MGM,7/28/2017
MGM,11/09/2017
MGM,2/14/2019
MGM,4/30/2019
MGM,7/26/2019
MGM,10/31/2019
MGM,2/13/2020
MGM,5/01/2020
MGM,7/31/2020
MGM,10/30/2020
MHK,2/24/2011
MHK,5/06/2020
MKC,1/29/2010
MKC,6/25/2010
MKC,10/01/2010
MKC,1/27/2011
MKC,7/01/2011
MKC,1/27/2012
MKC,6/28/2012
MKC,9/28/2012
MKC,1/25/2013
MKC,4/03/2013
MKC,9/27/2013
MKC,1/30/2014
MKC,6/27/2014
MKC,10/03/2014
MKC,1/29/2015
MKC,7/01/2015
MKC,10/02/2015
MKC,1/29/2016
MKC,7/01/2016
MKC,1/26/2017
MKC,6/30/2017
MKC,9/29/2017
MKC,1/25/2019
MKC,6/28/2019
MKC,10/02/2019
MKC,1/29/2020
MKC,4/01/2020
MKC,9/30/2020
MLM,2/10/2010
MLM,5/05/2010
MLM,8/04/2010
MLM,11/03/2010
MLM,2/09/2011
MLM,5/04/2011
MLM,8/03/2011
MLM,11/02/2011
MLM,2/08/2012
MLM,5/02/2012
MLM,8/01/2012
MLM,11/07/2012
MLM,2/13/2013
MLM,5/01/2013
MLM,7/31/2013
MLM,11/08/2013
MLM,1/29/2014
MLM,4/30/2014
MLM,7/30/2014
MLM,10/29/2014
MLM,2/11/2015
MLM,5/01/2015
MLM,8/05/2015
MLM,11/04/2015
MLM,2/10/2016
MLM,5/06/2016
MLM,8/03/2016
MLM,11/02/2016
MLM,2/15/2017
MLM,5/03/2017
MLM,8/02/2017
MLM,11/03/2017
MLM,2/13/2019
MLM,5/01/2019
MLM,7/31/2019
MLM,10/30/2019
MLM,2/12/2020
MLM,5/06/2020
MLM,7/29/2020
MLM,10/30/2020
MMM,1/29/2010
MMM,4/28/2010
MMM,7/23/2010
MMM,10/29/2010
MMM,1/26/2011
MMM,4/27/2011
MMM,7/27/2011
MMM,10/26/2011
MMM,1/27/2012
MMM,4/25/2012
MMM,7/27/2012
MMM,10/24/2012
MMM,1/25/2013
MMM,4/26/2013
MMM,7/26/2013
MMM,10/25/2013
MMM,1/31/2014
MMM,4/25/2014
MMM,7/25/2014
MMM,10/24/2014
MMM,1/28/2015
MMM,4/24/2015
MMM,7/24/2015
MMM,10/23/2015
MMM,1/27/2016
MMM,4/27/2016
MMM,7/27/2016
MMM,10/26/2016
MMM,1/25/2017
MMM,4/26/2017
MMM,7/26/2017
MMM,10/25/2017
MMM,4/25/2018
MMM,1/30/2019
MMM,4/26/2019
MMM,7/26/2019
MMM,10/25/2019
MMM,1/29/2020
MMM,4/29/2020
MMM,7/29/2020
MMM,10/28/2020
MO,1/29/2010
MO,4/22/2010
MO,7/22/2010
MO,10/21/2010
MO,1/28/2011
MO,4/21/2011
MO,7/21/2011
MO,10/28/2011
MO,4/27/2012
MO,7/25/2012
MO,10/26/2012
MO,2/01/2013
MO,4/26/2013
MO,7/24/2013
MO,10/25/2013
MO,1/31/2014
MO,4/25/2014
MO,7/23/2014
MO,10/31/2014
MO,4/24/2015
MO,7/30/2015
MO,10/30/2015
MO,1/29/2016
MO,4/29/2016
MO,7/28/2016
MO,10/28/2016
MO,2/02/2017
MO,5/03/2017
MO,7/28/2017
MO,10/27/2017
MO,2/01/2019
MO,4/26/2019
MO,7/31/2019
MO,11/01/2019
MO,1/31/2020
MO,5/01/2020
MO,7/29/2020
MOS,1/07/2010
MOS,10/06/2010
MOS,1/06/2011
MOS,4/01/2011
MOS,7/20/2011
MOS,1/06/2012
MOS,7/17/2013
MOS,11/06/2013
MOS,2/12/2014
MOS,5/07/2014
MOS,8/01/2014
MOS,10/31/2014
MOS,2/12/2015
MOS,5/01/2015
MOS,8/05/2015
MOS,11/04/2015
MOS,2/12/2016
MOS,5/05/2016
MOS,8/03/2016
MOS,11/02/2016
MOS,2/08/2017
MOS,5/03/2017
MOS,8/02/2017
MOS,11/01/2017
MOS,2/27/2019
MOS,5/08/2019
MOS,8/07/2019
MOS,11/06/2019
MOS,2/21/2020
MOS,8/05/2020
MOS,11/04/2020
MPC,2/02/2012
MPC,5/02/2012
MPC,8/01/2012
MPC,11/02/2012
MPC,1/31/2013
MPC,5/01/2013
MPC,8/02/2013
MPC,11/01/2013
MPC,1/30/2014
MPC,5/02/2014
MPC,8/01/2014
MPC,10/31/2014
MPC,2/05/2015
MPC,5/01/2015
MPC,7/31/2015
MPC,10/30/2015
MPC,2/04/2016
MPC,4/29/2016
MPC,7/29/2016
MPC,10/28/2016
MPC,2/02/2017
MPC,4/28/2017
MPC,7/28/2017
MPC,10/27/2017
MPC,2/08/2019
MPC,5/09/2019
MPC,8/02/2019
MPC,11/01/2019
MPC,1/30/2020
MPC,5/06/2020
MPC,8/04/2020
MPC,11/03/2020
MRO,11/06/2020
MSCI,5/06/2011
MSCI,8/05/2011
MSCI,11/03/2011
MSCI,2/03/2012
MSCI,5/03/2012
MSCI,8/03/2012
MSCI,11/07/2012
MSCI,2/08/2013
MSCI,5/02/2013
MSCI,8/02/2013
MSCI,11/01/2013
MSCI,2/07/2014
MSCI,5/01/2014
MSCI,8/01/2014
MSCI,10/31/2014
MSCI,2/06/2015
MSCI,5/01/2015
MSCI,7/31/2015
MSCI,10/30/2015
MSCI,2/05/2016
MSCI,4/29/2016
MSCI,7/29/2016
MSI,7/29/2011
MSI,10/28/2011
MSI,1/26/2012
MSI,4/26/2012
MSI,7/26/2012
MSI,10/25/2012
MSI,1/24/2013
MSI,4/25/2013
MSI,7/25/2013
MSI,10/24/2013
MSI,1/23/2014
MSI,5/02/2014
MSI,8/06/2014
MSI,11/05/2014
MSI,2/05/2015
MSI,5/07/2015
MTD,2/05/2010
MTD,4/30/2010
MTD,7/23/2010
MTD,11/05/2010
MTD,2/11/2011
MTD,5/05/2011
MTD,7/29/2011
MTD,11/04/2011
MTD,2/09/2012
MTD,5/04/2012
MTD,7/27/2012
MTD,11/02/2012
MTD,2/07/2013
MTD,5/03/2013
MTD,7/26/2013
MTD,11/08/2013
MTD,2/06/2014
MTD,5/09/2014
MTD,7/25/2014
MTD,11/07/2014
MTD,2/06/2015
MTD,5/08/2015
MTD,7/31/2015
MTD,11/06/2015
MTD,2/05/2016
MTD,5/06/2016
MTD,7/29/2016
MTD,11/04/2016
MTD,2/03/2017
MTD,5/05/2017
MTD,7/28/2017
MTD,11/03/2017
MTD,2/08/2019
MTD,5/10/2019
MTD,8/02/2019
MTD,11/08/2019
MTD,2/07/2020
MTD,5/08/2020
MTD,7/31/2020
MTD,11/06/2020
NBL,4/29/2011
NBL,7/29/2011
NBL,10/21/2011
NBL,2/10/2012
NBL,4/27/2012
NBL,7/27/2012
NBL,10/26/2012
NBL,2/08/2013
NBL,4/26/2013
NBL,7/26/2013
NBL,10/25/2013
NBL,2/07/2014
NBL,4/25/2014
NBL,7/25/2014
NBL,10/29/2014
NBL,2/20/2015
NBL,5/06/2015
NBL,8/04/2015
NBL,11/03/2015
NBL,2/18/2016
NBL,5/05/2016
NBL,8/04/2016
NBL,11/03/2016
NBL,2/15/2017
NBL,5/03/2017
NBL,8/04/2017
NBL,11/01/2017
NBL,2/20/2019
NBL,11/08/2019
NCLH,7/30/2013
NCLH,10/30/2013
NCLH,2/19/2014
NCLH,4/30/2014
NCLH,7/30/2014
NCLH,10/31/2014
NCLH,2/19/2015
NCLH,5/08/2015
NCLH,8/05/2015
NCLH,11/04/2015
NCLH,2/24/2016
NCLH,5/11/2016
NCLH,8/10/2016
NCLH,11/10/2016
NCLH,2/23/2017
NCLH,5/11/2017
NCLH,8/09/2017
NCLH,11/10/2017
NCLH,2/22/2019
NCLH,5/10/2019
NCLH,8/09/2019
NCLH,11/08/2019
NCLH,2/21/2020
NCLH,5/15/2020
NCLH,8/07/2020
NCLH,11/11/2020
NEM,2/26/2010
NEM,4/28/2010
NEM,7/29/2010
NEM,11/03/2010
NEM,2/25/2011
NEM,5/01/2013
NEM,7/31/2014
NEM,7/24/2015
NEM,10/30/2015
NEM,2/19/2016
NEM,4/22/2016
NEM,7/22/2016
NEM,10/28/2016
NEM,2/23/2017
NEM,4/26/2017
NEM,7/26/2017
NEM,10/27/2017
NEM,2/22/2019
NEM,4/26/2019
NEM,7/26/2019
NEM,11/06/2019
NEM,2/21/2020
NEM,5/06/2020
NEM,7/31/2020
NEM,10/30/2020
NKE,3/18/2010
NKE,6/24/2010
NKE,9/24/2010
NKE,12/22/2010
NKE,3/18/2011
NKE,9/23/2011
NKE,12/21/2011
NKE,3/23/2012
NKE,6/29/2012
NKE,9/28/2012
NKE,12/21/2012
NKE,3/22/2013
NKE,6/28/2013
NKE,9/27/2013
NKE,12/20/2013
NKE,3/21/2014
NKE,6/27/2014
NKE,9/26/2014
NKE,12/19/2014
NKE,3/20/2015
NKE,6/26/2015
NKE,9/25/2015
NKE,3/23/2016
NKE,6/29/2016
NKE,9/28/2016
NKE,12/21/2016
NKE,3/22/2017
NKE,6/30/2017
NKE,9/27/2017
NKE,12/22/2017
NKE,3/22/2019
NKE,6/28/2019
NKE,9/25/2019
NKE,12/20/2019
NKE,3/25/2020
NKE,6/26/2020
NKE,9/23/2020
NLSN,7/22/2011
NLSN,10/26/2011
NLSN,2/07/2012
NLSN,4/20/2012
NLSN,7/20/2012
NLSN,10/23/2012
NLSN,2/12/2013
NLSN,4/26/2013
NLSN,7/31/2013
NLSN,10/24/2013
NLSN,2/14/2014
NLSN,4/25/2014
NLSN,7/30/2014
NLSN,10/24/2014
NLSN,2/13/2015
NLSN,4/23/2015
NLSN,7/29/2015
NLSN,10/22/2015
NLSN,2/12/2016
NLSN,4/21/2016
NLSN,7/27/2016
NLSN,10/26/2016
NLSN,2/10/2017
NLSN,4/26/2017
NLSN,7/28/2017
NLSN,10/26/2017
NLSN,3/01/2019
NLSN,5/01/2019
NLSN,8/01/2019
NLSN,11/08/2019
NLSN,5/01/2020
NLSN,8/06/2020
NLSN,11/03/2020
NOC,2/05/2010
NOC,4/29/2010
NOC,7/30/2010
NOC,10/28/2010
NOC,2/10/2011
NOC,4/28/2011
NOC,7/28/2011
NOC,10/27/2011
NOC,2/02/2012
NOC,4/26/2012
NOC,7/26/2012
NOC,10/25/2012
NOC,1/31/2013
NOC,4/25/2013
NOC,7/25/2013
NOC,10/24/2013
NOC,1/31/2014
NOC,4/24/2014
NOC,7/24/2014
NOC,10/23/2014
NOC,1/30/2015
NOC,4/30/2015
NOC,7/30/2015
NOC,10/29/2015
NOC,1/29/2016
NOC,4/28/2016
NOC,7/28/2016
NOC,10/27/2016
NOC,1/27/2017
NOC,4/27/2017
NOC,7/27/2017
NOC,10/26/2017
NOC,4/26/2018
NOC,2/01/2019
NOC,4/25/2019
NOC,7/25/2019
NOC,10/25/2019
NOC,1/31/2020
NOC,4/30/2020
NOC,7/31/2020
NOC,10/23/2020
NOV,2/04/2010
NOV,4/28/2010
NOV,7/30/2010
NOV,10/27/2010
NOV,2/04/2011
NOV,4/28/2011
NOV,7/27/2011
NOV,10/26/2011
NOV,2/03/2012
NOV,7/27/2012
NOV,10/26/2012
NOV,7/31/2013
NOV,4/29/2014
NOV,7/30/2014
NOV,10/31/2014
NOV,2/04/2015
NOV,4/29/2015
NOV,7/29/2015
NOV,10/29/2015
NOV,2/04/2016
NOV,4/29/2016
NOV,7/29/2016
NOV,10/28/2016
NOV,2/08/2017
NOV,4/28/2017
NOV,2/08/2019
NOV,7/31/2019
NOV,10/30/2019
NOV,4/29/2020
NOV,7/29/2020
NOV,10/28/2020
NOW,1/31/2013
NOW,4/25/2013
NOW,8/01/2013
NOW,10/24/2013
NOW,1/30/2014
NOW,4/24/2014
NOW,7/31/2014
NOW,10/23/2014
NOW,1/29/2015
NOW,4/17/2015
NOW,7/30/2015
NOW,10/22/2015
NOW,1/28/2016
NOW,4/21/2016
NOW,7/28/2016
NOW,10/27/2016
NOW,1/26/2017
NOW,4/27/2017
NOW,7/27/2017
NOW,10/26/2017
NOW,4/26/2018
NOW,1/31/2019
NOW,4/25/2019
NOW,7/25/2019
NOW,10/24/2019
NOW,1/30/2020
NOW,4/30/2020
NOW,7/30/2020
NOW,10/29/2020
NWL,1/28/2011
NWL,8/01/2014
NWL,2/07/2017
NWL,5/09/2017
NWL,11/03/2017
OMC,2/11/2010
OMC,4/21/2010
OMC,7/21/2010
OMC,10/20/2010
OMC,2/16/2011
OMC,4/20/2011
OMC,7/20/2011
OMC,10/19/2011
OMC,2/15/2012
OMC,4/18/2012
OMC,7/18/2012
OMC,10/17/2012
OMC,2/13/2013
OMC,4/19/2013
OMC,7/19/2013
OMC,10/16/2013
OMC,2/12/2014
OMC,4/23/2014
OMC,7/23/2014
OMC,10/22/2014
OMC,2/11/2015
OMC,4/22/2015
OMC,7/22/2015
OMC,10/21/2015
OMC,2/10/2016
OMC,4/20/2016
OMC,7/15/2016
OMC,10/19/2016
OMC,2/08/2017
OMC,4/19/2017
OMC,7/21/2017
OMC,10/18/2017
OMC,4/18/2018
OMC,2/13/2019
OMC,4/17/2019
OMC,7/18/2019
OMC,10/16/2019
OMC,2/12/2020
OMC,4/29/2020
OMC,7/29/2020
OMC,10/28/2020
ORCL,3/26/2010
ORCL,6/25/2010
ORCL,9/17/2010
ORCL,12/17/2010
ORCL,3/25/2011
ORCL,6/24/2011
ORCL,9/21/2011
ORCL,12/21/2011
ORCL,3/21/2012
ORCL,5/10/2012
ORCL,8/07/2012
ORCL,11/06/2012
ORCL,2/21/2013
ORCL,5/07/2013
ORCL,8/06/2013
ORCL,11/06/2013
ORCL,3/19/2014
ORCL,6/20/2014
ORCL,9/19/2014
ORCL,12/18/2014
ORCL,3/18/2015
ORCL,6/18/2015
ORCL,9/17/2015
ORCL,12/17/2015
ORCL,3/16/2016
ORCL,6/17/2016
ORCL,9/16/2016
ORCL,12/16/2016
ORCL,3/16/2017
ORCL,6/22/2017
ORCL,9/15/2017
ORCL,12/15/2017
ORCL,3/15/2019
ORCL,6/20/2019
ORCL,9/12/2019
ORCL,12/13/2019
ORCL,3/13/2020
ORCL,6/17/2020
ORCL,9/11/2020
OXY,5/07/2019
OXY,8/12/2020
OXY,11/11/2020
PAYC,2/06/2020
PAYC,4/29/2020
PAYC,8/05/2020
PAYC,11/05/2020
PCL,2/02/2010
PCL,4/27/2010
PCL,7/27/2010
PCL,10/26/2010
PCL,2/01/2011
PCL,4/29/2014
PCL,7/29/2014
PCL,10/28/2014
PCL,1/27/2015
PCL,4/28/2015
PCL,7/28/2015
PCL,10/27/2015
PFE,2/04/2010
PFE,5/05/2010
PFE,8/04/2010
PFE,11/03/2010
PFE,2/02/2011
PFE,5/04/2011
PFE,8/03/2011
PFE,11/02/2011
PFE,2/01/2012
PFE,5/02/2012
PFE,8/01/2012
PFE,11/02/2012
PFE,1/30/2013
PFE,5/01/2013
PFE,7/31/2013
PFE,10/30/2013
PFE,1/29/2014
PFE,5/06/2014
PFE,7/30/2014
PFE,10/29/2014
PFE,1/28/2015
PFE,4/29/2015
PFE,7/29/2015
PFE,10/28/2015
PFE,2/03/2016
PFE,5/04/2016
PFE,8/03/2016
PFE,11/02/2016
PFE,2/01/2017
PFE,5/03/2017
PFE,8/02/2017
PFE,11/01/2017
PFE,1/30/2019
PFE,5/01/2019
PFE,7/30/2019
PFE,10/30/2019
PFE,1/29/2020
PFE,4/29/2020
PFE,7/29/2020
PFE,10/28/2020
PKG,1/27/2010
PKG,4/21/2010
PKG,7/21/2010
PKG,10/20/2010
PKG,1/26/2011
PKG,4/20/2011
PKG,7/20/2011
PKG,10/19/2011
PKG,1/25/2012
PKG,4/19/2012
PKG,7/18/2012
PKG,10/17/2012
PKG,1/23/2013
PKG,4/24/2013
PKG,7/18/2013
PKG,10/16/2013
PKG,2/13/2014
PKG,4/24/2014
PKG,7/23/2014
PKG,10/22/2014
PKG,1/28/2015
PKG,4/22/2015
PKG,7/23/2015
PKG,10/22/2015
PKG,1/27/2016
PKG,4/22/2016
PKG,7/22/2016
PKG,10/21/2016
PKG,2/01/2017
PKG,4/28/2017
PKG,7/28/2017
PKG,10/27/2017
PKG,4/26/2018
PKG,1/31/2019
PKG,4/26/2019
PKG,7/26/2019
PKG,10/25/2019
PKG,1/31/2020
PKG,4/29/2020
PKG,7/30/2020
PKG,10/28/2020
PKI,2/05/2010
PKI,5/07/2010
PKI,8/06/2010
PKI,11/05/2010
PKI,2/04/2011
PKI,5/06/2011
PKI,8/05/2011
PKI,11/04/2011
PKI,2/03/2012
PKI,4/27/2012
PKI,8/03/2012
PKI,10/26/2012
PKI,2/01/2013
PKI,4/26/2013
PKI,8/02/2013
PKI,10/31/2013
PKI,1/31/2014
PKI,4/25/2014
PKI,8/01/2014
PKI,10/31/2014
PKI,1/30/2015
PKI,5/01/2015
PKI,7/31/2015
PKI,11/06/2015
PKI,2/05/2016
PKI,5/06/2016
PKI,8/05/2016
PKI,11/08/2016
PKI,2/03/2017
PKI,5/05/2017
PKI,8/04/2017
PKI,11/03/2017
PKI,2/01/2019
PKI,4/26/2019
PKI,7/30/2019
PKI,10/31/2019
PKI,1/28/2020
PKI,5/06/2020
PKI,7/29/2020
PKI,10/29/2020
PM,2/12/2010
PM,4/23/2010
PM,7/23/2010
PM,10/22/2010
PM,2/11/2011
PM,7/22/2011
PM,10/21/2011
PM,2/10/2012
PPG,1/22/2010
PPG,4/16/2010
PPG,7/16/2010
PPG,10/22/2010
PPG,1/21/2011
PPG,7/22/2011
PPG,10/21/2011
PPG,1/20/2012
PPG,4/20/2012
PPG,7/20/2012
PPG,10/19/2012
PPG,1/15/2013
PPG,4/19/2013
PPG,7/19/2013
PPG,10/18/2013
PPG,1/17/2014
PPG,7/18/2014
PPG,10/17/2014
PPG,1/16/2015
PPG,4/17/2015
PPG,7/17/2015
PPG,10/16/2015
PPG,1/22/2016
PPG,4/22/2016
PPG,7/22/2016
PPG,10/21/2016
PPG,1/20/2017
PPG,4/21/2017
PPG,7/21/2017
PPG,10/20/2017
PPG,4/20/2018
PPG,1/18/2019
PPG,7/19/2019
PPG,10/18/2019
PPG,1/17/2020
PPG,4/29/2020
PPG,10/21/2020
PPL,8/11/2020
PPL,11/06/2020
PSA,10/31/2019
PSX,11/01/2012
PSX,1/31/2013
PSX,5/02/2013
PSX,8/01/2013
PSX,10/31/2013
PSX,1/30/2014
PSX,5/01/2014
PSX,7/31/2014
PSX,10/30/2014
PSX,1/30/2015
PSX,5/01/2015
PSX,8/02/2017
PSX,5/01/2019
PVH,3/24/2010
PVH,5/26/2010
PVH,9/09/2010
PVH,3/30/2011
PVH,6/02/2011
PVH,9/01/2011
PVH,12/02/2011
PVH,3/29/2012
PVH,5/25/2012
PVH,8/29/2012
PVH,11/29/2012
PVH,6/14/2013
PVH,9/11/2013
PVH,12/11/2013
PVH,3/27/2014
PVH,6/06/2014
PVH,9/05/2014
PVH,12/05/2014
PVH,3/27/2015
PVH,6/03/2015
PVH,8/28/2015
PVH,12/04/2015
PVH,5/27/2016
PVH,8/26/2016
PVH,12/02/2016
PVH,3/24/2017
PVH,5/26/2017
PVH,8/25/2017
PVH,12/01/2017
PVH,3/29/2019
PVH,5/31/2019
PVH,8/30/2019
PVH,11/27/2019
PVH,4/03/2020
PVH,9/04/2020
PWR,2/23/2010
PWR,5/06/2010
PWR,8/05/2010
PWR,11/04/2010
PWR,2/24/2011
PWR,5/05/2011
PWR,8/04/2011
PWR,11/03/2011
PWR,2/23/2012
PWR,5/04/2012
PWR,8/03/2012
PWR,11/01/2012
PWR,2/22/2013
PWR,5/03/2013
PWR,8/02/2013
PWR,11/01/2013
PWR,2/21/2014
PWR,5/02/2014
PWR,8/01/2014
PWR,11/06/2014
PWR,2/20/2015
PWR,5/01/2015
PWR,8/06/2015
PWR,11/06/2015
PWR,2/26/2016
PWR,5/06/2016
PWR,8/05/2016
PWR,11/04/2016
PWR,2/22/2017
PWR,5/05/2017
PWR,8/04/2017
PWR,11/03/2017
PWR,2/22/2019
PWR,5/03/2019
PWR,8/02/2019
PWR,11/01/2019
PWR,2/28/2020
PWR,5/08/2020
PWR,8/07/2020
PWR,10/30/2020
RCL,11/08/2017
RCL,1/31/2019
RCL,5/02/2019
RCL,7/26/2019
RCL,10/31/2019
RCL,8/11/2020
RCL,10/30/2020
RHI,1/29/2010
RHI,4/28/2010
RHI,7/22/2010
RHI,10/21/2010
RHI,1/27/2011
RHI,7/21/2011
RHI,10/26/2011
RHI,1/27/2012
RHI,4/25/2012
RHI,7/25/2012
RHI,10/19/2012
RHI,1/30/2013
RHI,4/24/2013
RHI,7/24/2013
RHI,10/23/2013
RHI,1/31/2014
RHI,4/24/2014
RHI,7/23/2014
RHI,10/22/2014
RHI,1/30/2015
RHI,4/24/2015
RHI,7/24/2015
RHI,10/22/2015
RHI,2/03/2016
RHI,4/27/2016
RHI,7/27/2016
RHI,10/27/2016
RHI,1/27/2017
RHI,4/21/2017
RHI,7/26/2017
RHI,10/25/2017
RHI,4/25/2018
RHI,1/30/2019
RHI,4/24/2019
RHI,7/24/2019
RHI,10/24/2019
RHI,1/31/2020
RHI,4/24/2020
RHI,7/24/2020
RHI,10/23/2020
RL,2/04/2010
RL,5/20/2010
RL,8/05/2010
RL,11/11/2010
RL,2/10/2011
RL,5/26/2011
RL,8/11/2011
RL,11/10/2011
RL,2/09/2012
RL,5/23/2012
RL,8/09/2012
RL,2/07/2013
RL,5/24/2013
RL,8/08/2013
RL,11/07/2013
RL,2/06/2014
RL,8/07/2014
RL,10/30/2014
RL,2/05/2015
RL,5/14/2015
RL,8/06/2015
RL,11/06/2015
RL,2/05/2016
RL,5/13/2016
RL,8/11/2016
RL,11/11/2016
RL,2/03/2017
RL,5/19/2017
RL,8/09/2017
RL,11/03/2017
RL,2/06/2019
RL,5/15/2019
RL,7/31/2019
RL,11/08/2019
RL,2/05/2020
RL,5/28/2020
RL,8/05/2020
RL,10/30/2020
RMD,2/05/2010
RMD,4/30/2010
RMD,8/06/2010
RMD,10/29/2010
RMD,1/28/2011
RMD,4/29/2011
RMD,8/05/2011
RMD,10/25/2011
RMD,1/27/2012
RMD,4/27/2012
RMD,8/03/2012
RMD,10/26/2012
RMD,1/25/2013
RMD,4/26/2013
RMD,8/02/2013
RMD,10/25/2013
RMD,1/24/2014
RMD,4/24/2014
RMD,8/01/2014
RMD,10/24/2014
RMD,1/23/2015
RMD,4/24/2015
RMD,7/31/2015
RMD,10/23/2015
RMD,1/22/2016
RMD,4/27/2016
RMD,7/29/2016
RMD,10/26/2016
RMD,1/24/2017
RMD,4/28/2017
RMD,8/02/2017
RMD,10/27/2017
RMD,1/25/2019
RMD,5/03/2019
RMD,7/26/2019
RMD,10/25/2019
RMD,1/31/2020
RMD,5/01/2020
RMD,8/06/2020
RMD,10/30/2020
ROL,1/28/2010
ROL,4/29/2010
ROL,7/29/2010
ROL,10/28/2010
ROL,1/27/2011
ROL,7/28/2011
ROL,10/27/2011
ROL,1/26/2012
ROL,4/26/2012
ROL,7/26/2012
ROL,10/25/2012
ROL,1/24/2013
ROL,4/25/2013
ROL,7/25/2013
ROL,10/24/2013
ROL,1/30/2014
ROL,4/24/2014
ROL,7/24/2014
ROL,10/30/2014
ROL,1/29/2015
ROL,4/30/2015
ROL,7/30/2015
ROL,10/29/2015
ROL,1/28/2016
ROL,4/28/2016
ROL,7/28/2016
ROL,10/27/2016
ROL,1/26/2017
ROL,4/27/2017
ROL,7/27/2017
ROL,10/26/2017
ROL,4/26/2018
ROL,1/24/2019
ROL,4/25/2019
ROL,7/25/2019
ROL,10/24/2019
ROL,1/30/2020
ROL,4/30/2020
ROL,7/30/2020
ROL,10/29/2020
ROP,2/04/2010
ROP,4/27/2010
ROP,7/27/2010
ROP,10/26/2010
ROP,2/01/2011
ROP,4/27/2011
ROP,7/26/2011
ROP,10/25/2011
ROP,2/03/2012
ROP,4/24/2012
ROP,7/31/2012
ROP,10/26/2012
ROP,1/29/2013
ROP,4/30/2013
ROP,7/30/2013
ROP,10/29/2013
ROP,1/28/2014
ROP,4/29/2014
ROP,7/29/2014
ROP,10/28/2014
ROP,1/27/2015
ROP,4/28/2015
ROP,7/28/2015
ROP,10/27/2015
ROP,2/02/2016
ROP,4/26/2016
ROP,7/26/2016
ROP,11/01/2016
ROP,2/10/2017
ROP,8/01/2017
ROP,10/31/2017
ROP,4/26/2019
ROP,7/26/2019
ROP,10/25/2019
ROP,1/31/2020
ROP,4/29/2020
ROP,7/29/2020
ROP,10/28/2020
RTI,2/05/2010
RTI,5/05/2010
RTI,8/04/2010
RTI,11/03/2010
RTI,2/02/2011
RTI,5/04/2011
RTI,8/03/2011
RTI,11/02/2011
RTI,2/08/2012
RTI,5/04/2012
RTI,8/02/2012
RTI,11/01/2012
RTI,2/07/2013
RTI,5/01/2013
RTI,7/31/2013
RTI,11/08/2013
RTI,2/28/2014
RTI,5/07/2014
RTI,8/06/2014
RTI,11/06/2014
RTN,1/29/2010
RTN,4/23/2010
RTN,7/30/2010
RTN,10/29/2010
RTN,1/28/2011
RTN,4/29/2011
RTN,7/29/2011
RTN,10/28/2011
RTN,1/27/2012
RTN,4/27/2012
RTN,7/27/2012
RTN,10/26/2012
RTN,1/25/2013
RTN,4/26/2013
RTN,7/26/2013
RTN,10/25/2013
RTN,1/31/2014
RTN,4/25/2014
RTN,7/25/2014
RTN,10/24/2014
RTN,1/30/2015
RTN,4/24/2015
RTN,7/24/2015
RTN,10/23/2015
RTN,1/29/2016
RTN,4/29/2016
RTN,7/29/2016
RTN,10/28/2016
RTN,1/27/2017
RTN,4/28/2017
RTN,7/28/2017
RTN,10/27/2017
RTN,2/01/2019
RTN,4/26/2019
RTN,7/26/2019
SEE,1/26/2010
SEE,4/29/2010
SEE,7/29/2010
SEE,10/28/2010
SEE,1/25/2011
SEE,4/28/2011
SEE,7/28/2011
SEE,10/27/2011
SEE,2/10/2012
SEE,5/04/2012
SEE,8/03/2012
SEE,2/20/2013
SEE,5/02/2013
SEE,10/31/2013
SEE,2/07/2014
SEE,5/01/2014
SEE,7/31/2014
SEE,10/30/2014
SEE,2/11/2015
SEE,5/01/2015
SEE,7/31/2015
SEE,10/28/2015
SEE,2/11/2016
SEE,4/29/2016
SEE,7/29/2016
SEE,10/28/2016
SEE,2/10/2017
SEE,5/10/2017
SEE,8/09/2017
SEE,11/09/2017
SEE,8/07/2020
SEE,10/29/2020
SGMO,5/11/2017
SHW,1/27/2010
SHW,4/23/2010
SHW,7/23/2010
SHW,10/27/2010
SHW,1/26/2011
SHW,7/22/2011
SHW,10/26/2011
SHW,1/27/2012
SHW,4/20/2012
SHW,7/20/2012
SHW,10/26/2012
SHW,2/01/2013
SHW,4/19/2013
SHW,7/19/2013
SHW,1/31/2014
SHW,7/18/2014
SHW,10/29/2014
SHW,1/30/2015
SHW,4/17/2015
SHW,7/17/2015
SHW,10/30/2015
SHW,1/29/2016
SHW,4/22/2016
SHW,7/22/2016
SHW,10/26/2016
SHW,1/27/2017
SHW,4/21/2017
SHW,7/21/2017
SHW,10/25/2017
SHW,4/25/2018
SHW,2/01/2019
SHW,4/24/2019
SHW,7/24/2019
SHW,10/23/2019
SHW,1/31/2020
SHW,4/30/2020
SHW,7/29/2020
SHW,10/28/2020
SJM,2/25/2010
SJM,6/18/2010
SJM,11/19/2010
SJM,2/18/2011
SJM,6/10/2011
SJM,8/19/2011
SJM,11/18/2011
SJM,2/17/2012
SJM,6/08/2012
SJM,6/07/2013
SJM,8/22/2013
SJM,11/21/2013
SJM,6/06/2014
SJM,8/21/2014
SJM,11/20/2014
SJM,6/05/2015
SJM,8/28/2015
SJM,11/20/2015
SJM,2/24/2016
SJM,6/10/2016
SJM,8/24/2016
SJM,11/18/2016
SJM,6/09/2017
SJM,8/25/2017
SJM,11/17/2017
SJM,2/27/2019
SJM,6/07/2019
SJM,8/28/2019
SJM,2/27/2020
SJM,6/05/2020
SJM,8/26/2020
SJM,11/25/2020
SNA,2/05/2010
SNA,4/21/2010
SNA,2/04/2011
SNA,7/22/2011
SNA,10/21/2011
SNA,2/03/2012
SNA,4/20/2012
SNA,7/20/2012
SNA,10/19/2012
SNA,2/08/2013
SNA,4/19/2013
SNA,7/19/2013
SNA,10/18/2013
SNA,2/07/2014
SNA,7/18/2014
SNA,10/17/2014
SNA,2/06/2015
SNA,4/24/2015
SNA,7/24/2015
SNA,10/23/2015
SNA,2/05/2016
SNA,4/22/2016
SNA,7/22/2016
SNA,10/21/2016
SNA,2/03/2017
SNA,4/21/2017
SNA,7/21/2017
SNA,10/20/2017
SNA,4/20/2018
SNA,2/08/2019
SNA,7/19/2019
SNA,10/18/2019
SNA,2/07/2020
SNA,4/22/2020
SNA,10/23/2020
SPGI,11/04/2016
SRE,11/03/2016
SRE,3/01/2017
SRE,5/10/2017
SRE,10/31/2017
SRE,2/27/2019
SRE,5/08/2019
SRE,2/28/2020
SRE,5/05/2020
SRE,8/06/2020
SRE,11/06/2020
STZ,1/08/2010
STZ,7/02/2010
STZ,10/07/2010
STZ,1/07/2011
STZ,4/08/2011
STZ,7/01/2011
STZ,10/07/2011
STZ,1/06/2012
STZ,1/10/2013
STZ,4/11/2013
STZ,7/03/2013
STZ,10/04/2013
STZ,1/09/2014
STZ,4/10/2014
STZ,7/03/2014
STZ,10/03/2014
STZ,1/09/2015
STZ,4/10/2015
STZ,7/02/2015
STZ,10/08/2015
STZ,1/08/2016
STZ,4/07/2016
STZ,7/01/2016
STZ,10/06/2016
STZ,1/06/2017
STZ,4/07/2017
STZ,10/06/2017
STZ,1/10/2019
STZ,4/05/2019
STZ,10/04/2019
STZ,1/09/2020
STZ,7/02/2020
STZ,10/02/2020
SWK,1/28/2010
SWK,4/28/2010
SWK,7/22/2010
SWK,10/21/2010
SWK,1/28/2011
SWK,4/28/2011
SWK,7/20/2011
SWK,10/19/2011
SWK,1/27/2012
SWK,4/20/2012
SWK,7/19/2012
SWK,10/18/2012
SWK,1/25/2013
SWK,4/26/2013
SWK,10/17/2013
SWK,4/25/2014
SWK,10/23/2014
SWK,1/30/2015
SWK,4/24/2015
SWK,7/31/2015
SWK,10/23/2015
SWK,1/29/2016
SWK,4/22/2016
SWK,10/28/2016
SWK,1/27/2017
SWK,7/25/2017
SWK,10/25/2017
SWK,1/23/2019
SWK,4/25/2019
SWK,7/24/2019
SWK,10/25/2019
SWK,1/30/2020
SWK,5/01/2020
SWK,7/31/2020
SWK,10/28/2020
SYF,1/24/2019
SYF,7/19/2019
SYK,1/27/2010
SYK,4/21/2010
SYK,7/21/2010
SYK,10/20/2010
SYK,1/26/2011
SYK,4/20/2011
SYK,7/20/2011
SYK,10/20/2011
SYK,1/25/2012
SYK,4/18/2012
SYK,7/19/2012
SYK,10/18/2012
SYK,1/24/2013
SYK,4/25/2013
SYK,7/19/2013
SYK,10/18/2013
SYK,1/23/2014
SYK,4/24/2014
SYK,7/18/2014
SYK,10/17/2014
SYK,1/28/2015
SYK,4/22/2015
SYK,7/24/2015
SYK,10/23/2015
SYK,1/27/2016
SYK,4/21/2016
SYK,7/22/2016
SYK,10/28/2016
SYK,1/25/2017
SYK,4/26/2017
SYK,7/28/2017
SYK,10/27/2017
SYK,1/30/2019
SYK,4/24/2019
SYK,7/26/2019
SYK,10/30/2019
SYK,1/29/2020
SYK,5/01/2020
SYK,7/31/2020
SYK,10/30/2020
SYY,2/02/2010
SYY,5/04/2010
SYY,8/17/2010
SYY,11/09/2010
SYY,2/08/2011
SYY,5/10/2011
SYY,8/16/2011
SYY,11/08/2011
SYY,2/07/2012
SYY,5/08/2012
SYY,8/14/2012
SYY,11/06/2012
SYY,2/05/2013
SYY,5/07/2013
SYY,8/13/2013
SYY,11/05/2013
SYY,2/04/2014
SYY,5/06/2014
SYY,8/12/2014
SYY,11/04/2014
SYY,2/03/2015
SYY,5/05/2015
SYY,8/11/2015
SYY,11/03/2015
SYY,2/02/2016
SYY,8/16/2016
SYY,11/08/2016
SYY,2/07/2017
SYY,5/09/2017
SYY,8/15/2017
SYY,11/07/2017
SYY,2/05/2019
SYY,5/07/2019
SYY,8/13/2019
SYY,11/05/2019
SYY,2/04/2020
SYY,5/06/2020
SYY,8/12/2020
SYY,11/04/2020
T,1/29/2010
T,4/22/2010
T,7/23/2010
T,10/22/2010
T,1/28/2011
T,4/21/2011
T,7/22/2011
T,10/21/2011
T,1/27/2012
T,4/25/2012
T,7/25/2012
T,10/25/2012
T,1/25/2013
T,4/24/2013
T,7/24/2013
T,10/24/2013
T,1/29/2014
T,4/23/2014
T,7/24/2014
T,4/23/2015
T,7/24/2015
T,10/23/2015
T,1/27/2016
T,4/27/2016
T,7/22/2016
T,1/26/2017
T,4/26/2017
T,7/26/2017
T,10/25/2017
T,4/26/2018
T,1/31/2019
T,4/25/2019
T,7/25/2019
T,10/29/2019
T,1/30/2020
T,4/23/2020
T,7/24/2020
TAP,2/10/2010
TAP,5/05/2010
TAP,8/04/2010
TAP,11/04/2010
TAP,2/11/2011
TAP,5/04/2011
TAP,8/03/2011
TAP,11/03/2011
TAP,2/17/2012
TAP,5/09/2012
TAP,8/08/2012
TAP,11/08/2012
TAP,2/15/2013
TAP,5/08/2013
TAP,8/07/2013
TAP,11/07/2013
TAP,2/14/2014
TAP,5/08/2014
TAP,8/07/2014
TAP,11/07/2014
TAP,2/11/2015
TAP,5/08/2015
TAP,8/07/2015
TAP,11/06/2015
TAP,2/12/2016
TAP,5/04/2016
TAP,8/03/2016
TAP,11/02/2016
TAP,2/15/2017
TAP,5/04/2017
TAP,8/03/2017
TAP,11/02/2017
TAP,2/13/2019
TAP,5/02/2019
TAP,8/01/2019
TAP,10/31/2019
TAP,2/13/2020
TAP,5/01/2020
TAP,7/31/2020
TAP,10/30/2020
TDG,2/11/2010
TDG,5/11/2010
TDG,8/11/2010
TDG,11/17/2010
TDG,2/08/2011
TDG,5/11/2011
TDG,8/10/2011
TDG,11/18/2011
TDG,2/08/2012
TDG,5/09/2012
TDG,8/08/2012
TDG,11/16/2012
TDG,2/05/2013
TDG,5/08/2013
TDY,7/23/2020
TDY,10/22/2020
TEL,1/29/2015
TER,10/22/2020
TFX,2/25/2010
TFX,4/28/2010
TFX,7/23/2010
TFX,10/27/2010
TFX,2/25/2011
TFX,4/27/2011
TFX,7/28/2011
TFX,10/26/2011
TFX,2/24/2012
TFX,5/02/2012
TFX,8/01/2012
TFX,11/01/2012
TFX,2/22/2013
TFX,5/01/2013
TFX,8/01/2013
TFX,10/31/2013
TFX,5/01/2014
TFX,7/31/2014
TFX,10/30/2014
TFX,5/01/2015
TFX,7/31/2015
TFX,10/30/2015
TFX,2/26/2016
TFX,4/29/2016
TFX,7/29/2016
TFX,10/28/2016
TFX,2/24/2017
TFX,5/05/2017
TFX,8/04/2017
TFX,11/03/2017
TFX,2/22/2019
TFX,5/03/2019
TFX,8/02/2019
TFX,11/01/2019
TFX,2/21/2020
TFX,5/01/2020
TFX,7/31/2020
TFX,10/30/2020
TIF,3/23/2010
TIF,5/28/2010
TIF,3/22/2011
TIF,11/30/2011
TIF,3/21/2012
TIF,5/25/2012
TIF,8/28/2012
TIF,11/30/2012
TIF,5/29/2013
TIF,8/28/2013
TIF,11/27/2013
TIF,5/22/2014
TIF,8/28/2014
TIF,11/26/2014
TIF,5/28/2015
TIF,8/28/2015
TIF,11/25/2015
TIF,5/26/2016
TIF,8/26/2016
TIF,11/30/2016
TIF,5/25/2017
TIF,8/25/2017
TIF,11/30/2017
TIF,6/05/2019
TIF,8/29/2019
TJX,2/25/2010
TJX,5/19/2010
TJX,8/18/2010
TJX,11/17/2010
TJX,2/24/2011
TJX,5/18/2011
TJX,8/17/2011
TJX,11/16/2011
TJX,2/23/2012
TJX,5/16/2012
TJX,8/15/2012
TJX,11/14/2012
TJX,2/28/2013
TJX,5/22/2013
TJX,8/21/2013
TJX,11/20/2013
TJX,2/27/2014
TJX,5/21/2014
TJX,8/20/2014
TJX,11/19/2014
TJX,2/26/2015
TJX,5/20/2015
TJX,8/19/2015
TJX,11/18/2015
TJX,2/25/2016
TJX,5/18/2016
TJX,8/17/2016
TJX,11/16/2016
TJX,2/23/2017
TJX,5/17/2017
TJX,11/15/2017
TJX,2/28/2019
TJX,5/22/2019
TJX,8/21/2019
TJX,11/20/2019
TJX,2/27/2020
TJX,5/22/2020
TJX,8/20/2020
TJX,11/19/2020
TMO,1/29/2010
TMO,4/28/2010
TMO,7/28/2010
TMO,10/27/2010
TMO,2/03/2011
TMO,4/27/2011
TMO,7/28/2011
TMO,10/26/2011
TMO,2/02/2012
TMO,4/25/2012
TMO,7/26/2012
TMO,10/25/2012
TMO,2/01/2013
TMO,4/25/2013
TMO,7/25/2013
TMO,10/24/2013
TMO,1/31/2014
TMO,4/24/2014
TMO,7/24/2014
TMO,10/23/2014
TMO,1/30/2015
TMO,4/23/2015
TMO,7/23/2015
TMO,10/22/2015
TMO,1/29/2016
TMO,4/29/2016
TMO,7/29/2016
TMO,10/28/2016
TMO,2/01/2017
TMO,4/27/2017
TMO,7/27/2017
TMO,10/26/2017
TMO,1/31/2019
TMO,4/25/2019
TMO,7/25/2019
TMO,10/24/2019
TMO,1/31/2020
TMO,4/23/2020
TMO,7/23/2020
TMO,10/22/2020
TPR,2/08/2019
TPR,5/10/2019
TPR,8/16/2019
TPR,11/06/2019
TPR,2/07/2020
TPR,5/01/2020
TPR,8/14/2020
TPR,10/30/2020
TSS,1/21/2010
TSS,4/21/2010
TSS,7/22/2010
TSS,10/21/2010
TSS,1/26/2011
TSS,4/27/2011
TSS,7/27/2011
TSS,10/26/2011
TSS,1/25/2012
TSS,4/25/2012
TSS,7/25/2012
TSS,10/24/2012
TSS,1/23/2013
TSS,4/24/2013
TSS,7/24/2013
TSS,10/23/2013
TSS,1/29/2014
TSS,4/23/2014
TSS,7/23/2014
TSS,10/29/2014
TSS,1/28/2015
TSS,4/29/2015
TSS,7/29/2015
TSS,10/28/2015
TSS,4/27/2016
TSS,7/27/2016
TSS,10/26/2016
TSS,1/25/2017
TSS,4/26/2017
TSS,7/26/2017
TSS,10/25/2017
TSS,4/25/2018
TWTR,7/30/2014
TWTR,10/28/2014
TWTR,2/06/2015
TWTR,4/29/2015
TWTR,7/29/2015
TWTR,10/28/2015
TWTR,2/11/2016
TWTR,4/27/2016
TWTR,7/27/2016
TWTR,10/28/2016
TWTR,2/10/2017
TWTR,4/27/2017
TWTR,7/28/2017
TWTR,4/26/2018
TWTR,2/08/2019
TWTR,4/24/2019
TWTR,10/25/2019
TWTR,2/07/2020
TWTR,5/01/2020
TWTR,7/24/2020
TWTR,10/30/2020
TXT,1/29/2010
TXT,4/23/2010
TXT,7/22/2010
TXT,10/21/2010
TXT,1/27/2011
TXT,4/21/2011
TXT,7/21/2011
TXT,10/20/2011
TXT,1/26/2012
TXT,4/19/2012
TXT,7/20/2012
TXT,10/18/2012
TXT,1/24/2013
TXT,4/18/2013
TXT,7/18/2013
TXT,1/23/2014
TXT,5/02/2014
TXT,7/17/2014
TXT,1/29/2015
TXT,4/29/2015
TXT,7/29/2015
TXT,10/28/2015
TXT,1/28/2016
TXT,4/21/2016
TXT,10/21/2016
TXT,1/26/2017
TXT,4/20/2017
TXT,7/20/2017
TXT,10/20/2017
TXT,4/19/2018
TXT,1/25/2019
TXT,4/18/2019
TXT,7/18/2019
TXT,10/18/2019
TXT,1/30/2020
TXT,5/01/2020
TXT,7/31/2020
TXT,10/30/2020
TYL,5/01/2020
TYL,7/31/2020
TYL,11/06/2020
UAA,8/02/2017
UAA,11/01/2017
UAA,2/13/2019
UAA,5/03/2019
UAA,7/31/2019
UAA,11/05/2019
UAA,2/12/2020
UAA,5/12/2020
UAL,7/22/2011
UAL,10/28/2011
UAL,1/27/2012
UAL,4/27/2012
UAL,7/27/2012
UAL,10/26/2012
UAL,1/25/2013
UAL,4/26/2013
UAL,7/26/2013
UAL,10/25/2013
UAL,1/24/2014
UAL,4/25/2014
UAL,7/25/2014
UAL,10/24/2014
UAL,1/23/2015
UAL,4/24/2015
UAL,7/24/2015
UAL,10/23/2015
UAL,1/22/2016
UAL,4/22/2016
UAL,7/21/2016
UAL,10/19/2016
UAL,1/19/2017
UAL,4/19/2017
UAL,7/20/2017
UAL,10/20/2017
UAL,4/19/2018
UAL,1/17/2019
UAL,4/18/2019
UAL,7/18/2019
UAL,10/17/2019
UAL,1/23/2020
UAL,7/23/2020
UAL,10/16/2020
UHS,4/28/2010
UHS,7/28/2010
UHS,10/29/2010
UHS,3/02/2011
UHS,4/28/2011
UHS,7/29/2011
UHS,2/29/2012
UHS,11/01/2012
UHS,10/31/2013
UHS,10/29/2014
UHS,4/29/2015
UHS,10/29/2015
UHS,4/29/2016
UHS,7/28/2016
UHS,10/28/2016
UHS,3/02/2017
UHS,4/27/2017
UHS,7/27/2017
UHS,10/27/2017
UHS,3/01/2019
UHS,2/28/2020
UHS,4/29/2020
UHS,7/29/2020
UNP,1/22/2010
UNP,4/23/2010
UNP,7/23/2010
UNP,10/22/2010
UNP,1/21/2011
UNP,4/21/2011
UNP,7/22/2011
UNP,10/21/2011
UNP,1/20/2012
UNP,4/20/2012
UNP,7/20/2012
UNP,10/19/2012
UNP,1/25/2013
UNP,4/19/2013
UNP,7/19/2013
UNP,10/18/2013
UNP,1/24/2014
UNP,7/25/2014
UNP,10/24/2014
UNP,1/23/2015
UNP,4/24/2015
UNP,7/24/2015
UNP,10/23/2015
UNP,1/22/2016
UNP,4/22/2016
UNP,7/22/2016
UNP,10/21/2016
UNP,1/20/2017
UNP,4/28/2017
UNP,10/27/2017
UNP,1/25/2019
UNP,7/19/2019
UNP,10/18/2019
UNP,1/24/2020
UNP,4/24/2020
UPS,2/03/2010
UPS,4/28/2010
UPS,7/23/2010
UPS,10/22/2010
UPS,2/02/2011
UPS,4/27/2011
UPS,7/27/2011
UPS,10/26/2011
UPS,2/01/2012
UPS,4/27/2012
UPS,7/25/2012
UPS,10/24/2012
UPS,2/01/2013
UPS,4/26/2013
UPS,7/24/2013
UPS,1/31/2014
UPS,4/25/2014
UPS,7/30/2014
UPS,4/29/2015
UPS,7/29/2015
UPS,10/28/2015
UPS,2/03/2016
UPS,4/29/2016
UPS,10/28/2016
UPS,2/01/2017
UPS,4/28/2017
UPS,7/28/2017
UPS,10/27/2017
UPS,2/01/2019
UPS,4/26/2019
UPS,7/25/2019
UPS,10/23/2019
UPS,1/31/2020
URI,7/21/2011
URI,10/20/2011
URI,1/27/2012
URI,4/19/2012
URI,7/19/2012
URI,10/18/2012
URI,1/25/2013
URI,4/18/2013
URI,7/18/2013
URI,10/18/2013
URI,1/24/2014
URI,7/18/2014
URI,10/17/2014
URI,1/23/2015
URI,4/23/2015
URI,7/24/2015
URI,10/23/2015
URI,1/29/2016
URI,4/22/2016
URI,7/22/2016
URI,10/21/2016
URI,1/27/2017
URI,4/21/2017
URI,7/21/2017
URI,10/20/2017
URI,4/20/2018
URI,1/25/2019
URI,7/19/2019
URI,10/18/2019
URI,1/31/2020
URI,5/01/2020
URI,7/31/2020
URI,10/30/2020
V,5/06/2011
V,7/28/2011
V,10/27/2011
V,2/09/2012
V,5/03/2012
V,7/26/2012
V,11/01/2012
V,2/07/2013
V,5/02/2013
V,7/25/2013
V,10/31/2013
V,1/31/2014
V,4/25/2014
V,7/25/2014
V,10/30/2014
V,1/30/2015
V,5/01/2015
V,7/24/2015
V,11/03/2015
V,1/29/2016
V,4/22/2016
V,7/22/2016
V,10/25/2016
V,2/03/2017
V,4/21/2017
V,7/21/2017
V,10/26/2017
V,4/26/2018
V,1/31/2019
V,4/25/2019
V,7/24/2019
V,10/25/2019
V,1/31/2020
V,5/01/2020
V,7/29/2020
VAR,1/28/2010
VAR,4/29/2010
VAR,7/29/2010
VAR,10/29/2010
VAR,1/27/2011
VAR,4/28/2011
VAR,7/28/2011
VAR,10/28/2011
VAR,1/26/2012
VAR,4/26/2012
VAR,7/26/2012
VAR,10/26/2012
VAR,1/24/2013
VAR,4/25/2013
VAR,7/25/2013
VAR,10/24/2013
VAR,1/23/2014
VAR,4/24/2014
VAR,7/24/2014
VAR,10/23/2014
VAR,1/29/2015
VAR,4/30/2015
VAR,7/30/2015
VAR,10/29/2015
VAR,1/28/2016
VAR,4/28/2016
VAR,7/28/2016
VAR,10/27/2016
VAR,1/26/2017
VAR,4/27/2017
VAR,7/27/2017
VAR,10/26/2017
VAR,4/26/2018
VAR,1/24/2019
VAR,4/25/2019
VAR,7/25/2019
VAR,10/24/2019
VAR,1/30/2020
VAR,5/05/2020
VFC,2/12/2010
VFC,7/23/2010
VFC,10/22/2010
VFC,2/23/2011
VFC,7/22/2011
VFC,10/25/2011
VFC,2/17/2012
VFC,7/20/2012
VFC,10/23/2012
VFC,10/22/2013
VFC,10/21/2014
VFC,10/25/2016
VFC,5/23/2019
VFC,7/25/2019
VFC,1/24/2020
VLO,1/28/2010
VLO,4/28/2010
VLO,7/28/2010
VLO,10/27/2010
VLO,1/27/2011
VLO,4/27/2011
VLO,7/27/2011
VLO,11/02/2011
VLO,2/01/2012
VLO,5/02/2012
VLO,8/01/2012
VLO,10/31/2012
VLO,1/30/2013
VLO,5/01/2013
VLO,7/24/2013
VLO,10/30/2013
VLO,1/30/2014
VLO,4/30/2014
VLO,11/05/2014
VLO,1/30/2015
VLO,4/29/2015
VLO,7/31/2015
VLO,10/29/2015
VLO,1/29/2016
VLO,5/04/2016
VLO,7/27/2016
VLO,10/26/2016
VLO,2/01/2017
VLO,4/26/2017
VLO,7/28/2017
VLO,10/27/2017
VLO,2/01/2019
VLO,4/26/2019
VLO,7/26/2019
VLO,10/25/2019
VLO,1/31/2020
VLO,4/30/2020
VLO,7/31/2020
VLO,10/23/2020
VMC,2/10/2010
VMC,5/05/2010
VMC,8/04/2010
VMC,11/03/2010
VMC,2/04/2011
VMC,5/06/2011
VMC,8/04/2011
VMC,11/04/2011
VMC,2/17/2012
VMC,4/27/2012
VMC,7/27/2012
VMC,11/09/2012
VMC,2/15/2013
VMC,5/03/2013
VMC,8/02/2013
VMC,11/05/2013
VMC,2/07/2014
VMC,5/07/2014
VMC,8/06/2014
VMC,11/05/2014
VMC,2/06/2015
VMC,5/06/2015
VMC,8/05/2015
VMC,11/04/2015
VMC,2/05/2016
VMC,5/04/2016
VMC,8/02/2016
VMC,11/03/2016
VMC,2/08/2017
VMC,5/11/2017
VMC,8/03/2017
VMC,11/03/2017
VMC,2/15/2019
VMC,5/03/2019
VMC,7/26/2019
VMC,11/07/2019
VMC,2/19/2020
VMC,5/07/2020
VMC,8/05/2020
VMC,11/06/2020
VZ,7/20/2012
VZ,10/19/2012
WAB,2/24/2010
WAB,4/28/2010
WAB,7/28/2010
WAB,10/28/2010
WAB,2/23/2011
WAB,4/27/2011
WAB,7/27/2011
WAB,10/26/2011
WAB,2/22/2012
WAB,4/25/2012
WAB,7/25/2012
WAB,10/24/2012
WAB,2/20/2013
WAB,4/25/2013
WAB,7/26/2013
WAB,10/25/2013
WAB,2/20/2014
WAB,4/24/2014
WAB,7/25/2014
WAB,10/29/2014
WAB,2/19/2015
WAB,4/23/2015
WAB,7/24/2015
WAB,10/23/2015
WAB,2/19/2016
WAB,4/27/2016
WAB,7/26/2016
WAB,10/26/2016
WAB,2/22/2017
WAB,4/26/2017
WAB,7/26/2017
WAB,10/25/2017
WAB,4/25/2018
WAB,2/26/2019
WAB,4/26/2019
WAB,7/31/2019
WAB,11/01/2019
WAB,2/19/2020
WAB,5/05/2020
WAB,7/29/2020
WAB,10/30/2020
WAT,1/27/2010
WAT,4/28/2010
WAT,7/29/2010
WAT,10/27/2010
WAT,1/26/2011
WAT,4/27/2011
WAT,7/27/2011
WAT,10/26/2011
WAT,1/25/2012
WAT,4/25/2012
WAT,7/25/2012
WAT,10/24/2012
WAT,1/23/2013
WAT,4/24/2013
WAT,7/24/2013
WAT,10/23/2013
WAT,1/29/2014
WAT,4/30/2014
WAT,7/23/2014
WAT,10/22/2014
WAT,1/27/2015
WAT,4/29/2015
WAT,7/29/2015
WAT,10/28/2015
WAT,1/27/2016
WAT,4/27/2016
WAT,7/27/2016
WAT,10/26/2016
WAT,1/25/2017
WAT,4/26/2017
WAT,7/26/2017
WAT,10/25/2017
WAT,4/25/2018
WAT,1/24/2019
WAT,4/24/2019
WAT,7/31/2019
WAT,10/28/2020
WHR,2/03/2010
WHR,4/27/2010
WHR,7/21/2010
WHR,10/28/2010
WHR,2/03/2011
WHR,4/28/2011
WHR,7/22/2011
WHR,2/02/2012
WHR,4/27/2012
WHR,7/25/2012
WHR,10/24/2012
WHR,2/01/2013
WHR,4/25/2013
WHR,10/23/2013
WHR,1/31/2014
WHR,7/24/2014
WHR,10/29/2014
WHR,2/05/2015
WHR,4/29/2015
WHR,7/23/2015
WHR,4/27/2016
WHR,10/26/2016
WHR,1/27/2017
WHR,4/26/2017
WHR,7/28/2017
WHR,10/25/2017
WHR,4/25/2018
WHR,1/30/2019
WHR,4/24/2019
WHR,7/24/2019
WHR,10/24/2019
WHR,1/29/2020
WHR,7/24/2020
WHR,10/23/2020
WMT,2/19/2010
WMT,5/18/2010
WMT,8/17/2010
WMT,11/17/2010
WMT,2/23/2011
WMT,5/17/2011
WMT,8/16/2011
WMT,11/16/2011
WMT,2/22/2012
WMT,5/17/2012
WMT,8/16/2012
WMT,11/16/2012
WMT,2/22/2013
WMT,5/16/2013
WMT,8/15/2013
WMT,11/15/2013
WMT,2/21/2014
WMT,5/15/2014
WMT,8/14/2014
WMT,11/14/2014
WMT,2/20/2015
WMT,5/19/2015
WMT,8/18/2015
WMT,11/18/2015
WMT,2/19/2016
WMT,5/19/2016
WMT,8/18/2016
WMT,11/18/2016
WMT,2/22/2017
WMT,5/18/2017
WMT,8/17/2017
WMT,11/17/2017
WMT,2/20/2019
WST,4/24/2020
WST,7/24/2020
WST,10/23/2020
WU,4/27/2011
WU,7/27/2011
WU,10/26/2011
WU,2/08/2012
WU,4/25/2012
WU,7/25/2012
WU,10/31/2012
WU,2/13/2013
WU,5/01/2013
WU,7/31/2013
XEC,2/18/2010
XEC,8/05/2010
XEC,11/04/2010
XEC,2/17/2011
XEC,8/05/2011
XEC,11/04/2011
XEC,2/16/2012
XEC,5/04/2012
XEC,8/03/2012
XEC,2/20/2013
XEC,5/08/2013
XEC,8/08/2013
XEC,11/07/2013
XEC,2/20/2014
XEC,5/08/2014
XEC,8/07/2014
XEC,11/06/2014
XEC,2/19/2015
XEC,5/06/2015
XEC,8/06/2015
XEC,11/05/2015
XEC,2/18/2016
XEC,5/06/2016
XEC,8/05/2016
XEC,11/04/2016
XEC,2/17/2017
XEC,5/11/2017
XEC,8/10/2017
XEC,11/09/2017
XEC,2/22/2019
XEC,5/10/2019
XEC,8/07/2019
XEC,11/06/2019
XEC,2/21/2020
XOM,2/02/2010
XOM,4/30/2010
XOM,7/30/2010
XOM,10/29/2010
XOM,2/01/2011
XOM,4/29/2011
XOM,7/29/2011
XOM,10/28/2011
XOM,2/01/2012
XOM,4/27/2012
XOM,7/27/2012
XOM,11/02/2012
XOM,4/26/2013
XOM,8/02/2013
XOM,11/01/2013
XOM,1/31/2014
XOM,5/02/2014
XOM,8/01/2014
XOM,2/03/2015
XOM,5/01/2015
XOM,2/03/2016
XOM,2/01/2017
XRX,1/22/2010
XRX,7/23/2010
XRX,10/22/2010
XRX,1/27/2011
XRX,10/26/2011
XRX,1/26/2012
XRX,4/24/2012
XRX,10/24/2012
XRX,1/25/2013
XRX,4/24/2013
XRX,7/26/2013
XRX,10/25/2013
XRX,4/23/2014
XRX,10/23/2014
XRX,10/27/2015
XRX,4/26/2016
XRX,2/01/2017
XRX,4/26/2017
XRX,8/02/2017
XRX,10/27/2017
XRX,1/30/2019
XRX,4/26/2019
XYL,5/04/2012
XYL,8/03/2012
XYL,11/02/2012
XYL,2/08/2013
XYL,5/01/2013
XYL,7/31/2013
XYL,10/30/2013
XYL,2/05/2014
XYL,4/30/2014
XYL,7/30/2014
XYL,10/29/2014
XYL,2/06/2015
XYL,5/01/2015
XYL,7/31/2015
XYL,10/30/2015
XYL,2/05/2016
XYL,5/04/2016
XYL,8/03/2016
XYL,11/02/2016
XYL,2/03/2017
XYL,5/03/2017
XYL,8/02/2017
XYL,11/01/2017
XYL,2/01/2019
XYL,5/03/2019
XYL,8/02/2019
XYL,11/01/2019
XYL,2/07/2020
XYL,5/06/2020
XYL,7/31/2020
XYL,10/30/2020
ZBH,1/29/2016
ZBH,4/29/2016
ZBH,7/29/2016
ZBH,11/01/2016
ZBH,2/01/2017
ZBH,4/28/2017
ZBH,7/28/2017
ZBH,11/02/2017
ZBH,11/06/2019
ZBH,2/05/2020
ZBH,5/12/2020
ZBH,8/05/2020
ZTS,8/07/2013
ZTS,11/06/2013
ZTS,2/12/2014
ZTS,5/07/2014
ZTS,8/06/2014
ZTS,11/05/2014
ZTS,2/12/2015
ZTS,5/06/2015
ZTS,8/05/2015
ZTS,11/04/2015
ZTS,2/17/2016
ZTS,5/05/2016
ZTS,8/04/2016
ZTS,11/03/2016
ZTS,2/17/2017
ZTS,5/05/2017
ZTS,8/09/2017
ZTS,11/03/2017
ZTS,2/15/2019
ZTS,5/03/2019
ZTS,8/07/2019
ZTS,11/08/2019
ZTS,2/14/2020
ZTS,5/07/2020
ZTS,8/07/2020
ZTS,11/06/2020
